sample_idx,true_class,pred_class,correct,top1_class,top1_prob,top2_class,top2_prob,margin_top1_top2,true_class_prob,entropy
0,52,52,True,52,0.99993885,9,1.7347884e-05,0.9999215,0.99993885,0.0008092943
1,44,44,True,44,0.99989974,9,2.7834083e-05,0.9998719,0.99989974,0.0012788014
2,20,20,True,20,0.9998745,68,4.02184e-05,0.99983424,0.9998745,0.0015811172
3,27,27,True,27,0.99994683,28,1.2528865e-05,0.9999343,0.99994683,0.0007197976
4,38,38,True,38,0.99995625,66,1.2080589e-05,0.99994415,0.99995625,0.00060116546
5,91,91,True,91,0.99997425,36,7.2363105e-06,0.99996704,0.99997425,0.00037064665
6,21,21,True,21,0.9999256,47,2.0216443e-05,0.9999054,0.9999256,0.0009809973
7,2,2,True,2,0.99987495,54,4.6982404e-05,0.999828,0.99987495,0.0015774181
8,26,26,True,26,0.99983597,42,3.1685555e-05,0.99980426,0.99983597,0.0020488813
9,78,78,True,78,0.9997718,25,1.8307974e-05,0.9997535,0.9997718,0.0029154166
10,86,86,True,86,0.99978226,66,7.3240975e-05,0.999709,0.99978226,0.0026895502
11,9,9,True,9,0.9997973,80,4.491735e-05,0.99975234,0.9997973,0.0024420875
12,55,55,True,55,0.9999511,48,1.0556689e-05,0.9999406,0.9999511,0.00067802035
13,7,7,True,7,0.99993753,95,1.28446245e-05,0.9999247,0.99993753,0.00085911003
14,23,22,False,22,0.58072996,23,0.41872475,0.16200522,0.41872475,0.6859508
15,6,6,True,6,0.9998368,17,1.7908756e-05,0.9998189,0.9998368,0.0021007196
16,82,82,True,82,0.9997421,46,0.00016358275,0.99957854,0.9997421,0.0027905132
17,70,70,True,70,0.99992955,93,9.1963375e-06,0.99992037,0.99992955,0.0009836629
18,27,27,True,27,0.999972,28,5.719338e-06,0.99996626,0.999972,0.0004008298
19,30,30,True,30,0.99911755,32,0.0005630575,0.99855447,0.99911755,0.008221627
20,33,33,True,33,0.9999002,96,2.1186172e-05,0.99987906,0.9999002,0.0012882755
21,28,28,True,28,0.9999182,18,2.122927e-05,0.999897,0.9999182,0.0010621411
22,97,97,True,97,0.99991786,30,3.6454825e-05,0.9998814,0.99991786,0.001042715
23,76,76,True,76,0.999951,84,1.5402633e-05,0.9999356,0.999951,0.0006551222
24,54,54,True,54,0.9998167,2,1.9468604e-05,0.9997972,0.9998167,0.0023589006
25,9,9,True,9,0.99980575,44,4.314191e-05,0.9997626,0.99980575,0.0023493802
26,1,1,True,1,0.9997824,12,0.00011494053,0.99966747,0.9997824,0.0024436032
27,99,99,True,99,0.9999337,87,1.3214281e-05,0.9999205,0.9999337,0.00086927484
28,36,36,True,36,0.9998424,66,4.891275e-05,0.99979347,0.9998424,0.0018830923
29,54,54,True,54,0.9998173,16,1.8950328e-05,0.99979836,0.9998173,0.0023525832
30,84,84,True,84,0.55517936,94,0.44461772,0.11056164,0.55517936,0.6894597
31,47,47,True,47,0.9999509,21,6.659314e-06,0.9999442,0.9999509,0.0006903534
32,14,14,True,14,0.999941,38,8.485096e-06,0.9999325,0.999941,0.00080342795
33,1,1,True,1,0.9998522,28,2.9277086e-05,0.9998229,0.9998522,0.0018324693
34,90,90,True,90,0.9997155,1,0.00015031613,0.9995652,0.9997155,0.0032358535
35,10,10,True,10,0.99987054,2,2.1193446e-05,0.9998493,0.99987054,0.0016998817
36,18,18,True,18,0.99996424,41,6.3744214e-06,0.99995786,0.99996424,0.00049590773
37,73,73,True,73,0.9999137,14,1.0432881e-05,0.99990326,0.9999137,0.0011744567
38,42,42,True,42,0.9999503,65,6.331359e-06,0.999944,0.9999503,0.00069267134
39,63,63,True,63,0.99991536,64,1.3748802e-05,0.9999016,0.99991536,0.0011419496
40,48,48,True,48,0.9997917,55,8.875758e-05,0.99970293,0.9997917,0.002446959
41,54,54,True,54,0.99986243,2,1.363132e-05,0.9998488,0.99986243,0.001807708
42,3,3,True,3,0.9998528,45,1.6730693e-05,0.999836,0.9998528,0.0019028375
43,76,76,True,76,0.9999666,84,9.230754e-06,0.9999574,0.9999666,0.0004660538
44,59,59,True,59,0.9999485,61,7.0482984e-06,0.99994147,0.9999485,0.0007195318
45,17,17,True,17,0.9998423,21,2.7418468e-05,0.99981487,0.9998423,0.0019832323
46,36,36,True,36,0.9998004,76,5.071111e-05,0.99974966,0.9998004,0.0024228727
47,72,72,True,72,0.9999714,32,9.846686e-06,0.99996156,0.9999714,0.00040566188
48,45,45,True,45,0.999331,12,0.00063733535,0.99869365,0.999331,0.005782819
49,40,40,True,40,0.9998179,18,3.5638317e-05,0.99978226,0.9998179,0.0022702382
50,38,38,True,38,0.9999596,66,9.03722e-06,0.9999505,0.9999596,0.0005605948
51,85,85,True,85,0.9999012,6,2.2080067e-05,0.9998791,0.9999012,0.0012902278
52,4,4,True,4,0.99987495,68,1.9903848e-05,0.99985504,0.99987495,0.0016391965
53,12,12,True,12,0.99996424,46,1.7895127e-05,0.99994636,0.99996424,0.00046728502
54,98,98,True,98,0.9984487,15,0.0012660893,0.99718267,0.9984487,0.012854956
55,99,99,True,99,0.999936,28,1.76752e-05,0.9999183,0.999936,0.0008374368
56,96,96,True,96,0.99979025,85,2.9441077e-05,0.9997608,0.99979025,0.0026087184
57,90,90,True,90,0.99983025,1,9.810519e-05,0.99973214,0.99983025,0.0019849553
58,27,27,True,27,0.9997172,28,9.652495e-05,0.9996207,0.9997172,0.0033140907
59,92,92,True,92,0.9997433,90,9.408482e-05,0.9996492,0.9997433,0.0029998815
60,20,20,True,20,0.9995553,5,9.969144e-05,0.9994556,0.9995553,0.0050847754
61,12,12,True,12,0.9999701,46,1.3859839e-05,0.9999562,0.9999701,0.00039616466
62,51,51,True,51,0.99973387,10,2.8458628e-05,0.99970543,0.99973387,0.0033451435
63,93,93,True,93,0.99982315,70,4.3376334e-05,0.99977976,0.99982315,0.0022431412
64,29,29,True,29,0.9244026,60,0.06506493,0.8593377,0.9244026,0.32137865
65,10,10,True,10,0.9997899,2,4.218026e-05,0.9997477,0.9997899,0.0026689568
66,41,41,True,41,0.99994254,28,1.4562076e-05,0.999928,0.99994254,0.00075825123
67,11,11,True,11,0.9999162,2,1.2167782e-05,0.99990404,0.9999162,0.0011267139
68,17,17,True,17,0.9998621,26,2.7168402e-05,0.9998349,0.9998621,0.0017543671
69,24,24,True,24,0.99992454,74,1.7729106e-05,0.99990684,0.99992454,0.0009874172
70,33,33,True,33,0.9998709,85,1.974351e-05,0.99985117,0.9998709,0.0016581276
71,27,27,True,27,0.9999336,41,1.4652759e-05,0.99991894,0.9999336,0.0008887005
72,80,80,True,80,0.99927276,14,0.00022189673,0.99905086,0.99927276,0.008062246
73,11,11,True,11,0.9999231,2,1.3970672e-05,0.99990916,0.9999231,0.0010374594
74,72,72,True,72,0.9999503,32,1.7106153e-05,0.9999332,0.9999503,0.0006791492
75,89,89,True,89,0.9999536,46,1.3326268e-05,0.9999403,0.9999536,0.00062722067
76,46,46,True,46,0.99990416,12,5.9130874e-05,0.999845,0.99990416,0.001101673
77,65,65,True,65,0.9997851,42,6.278179e-05,0.99972236,0.9997851,0.0025659387
78,2,2,True,2,0.9998528,54,4.2316526e-05,0.99981046,0.9998528,0.0018608023
79,45,45,True,45,0.9997118,12,0.00025189522,0.9994599,0.9997118,0.002853896
80,9,9,True,9,0.99973756,80,8.23308e-05,0.99965525,0.99973756,0.0030808798
81,56,56,True,56,0.99986637,98,3.8902228e-05,0.99982744,0.99986637,0.0016593467
82,91,91,True,91,0.99987984,36,3.0058733e-05,0.9998498,0.99987984,0.0015603947
83,37,37,True,37,0.99995184,18,1.284215e-05,0.999939,0.99995184,0.0006746889
84,58,58,True,58,0.9999261,54,1.2104408e-05,0.999914,0.9999261,0.0010119083
85,14,14,True,14,0.9999447,80,8.798233e-06,0.99993587,0.9999447,0.0007599241
86,12,12,True,12,0.9999721,46,1.3700381e-05,0.9999584,0.9999721,0.0003710713
87,72,72,True,72,0.99996555,32,1.0227826e-05,0.9999553,0.99996555,0.0004886155
88,11,11,True,11,0.9999131,2,1.4895385e-05,0.9998982,0.9999131,0.0011621843
89,60,60,True,60,0.99962544,12,9.597977e-05,0.9995295,0.99962544,0.004281783
90,35,35,True,35,0.9999126,64,1.4467886e-05,0.99989814,0.9999126,0.0011787821
91,53,53,True,53,0.9999615,15,1.0697436e-05,0.9999508,0.9999615,0.0005299428
92,92,92,True,92,0.9997589,90,7.101504e-05,0.9996879,0.9997589,0.0029025045
93,48,48,True,48,0.9994972,68,8.392092e-05,0.99941325,0.9994972,0.005793588
94,58,58,True,58,0.9999362,54,1.8455146e-05,0.99991775,0.9999362,0.00085986865
95,21,21,True,21,0.9999089,47,2.3012031e-05,0.9998859,0.9999089,0.0011923045
96,61,61,True,61,0.99988747,5,1.4031714e-05,0.99987346,0.99988747,0.0014783266
97,53,53,True,53,0.9999237,15,2.2531702e-05,0.9999012,0.9999237,0.0009917517
98,80,80,True,80,0.9995815,14,0.00014834394,0.99943316,0.9995815,0.004723817
99,57,57,True,57,0.99956554,64,5.0106722e-05,0.9995154,0.99956554,0.005220952
100,58,58,True,58,0.99991333,54,1.6203972e-05,0.9998971,0.99991333,0.0011691673
101,88,88,True,88,0.99990225,6,1.6987371e-05,0.99988526,0.99990225,0.0013052991
102,92,92,True,92,0.9998895,90,3.7254722e-05,0.99985224,0.9998895,0.0013853805
103,31,31,True,31,0.99990463,39,1.4642263e-05,0.99988997,0.99990463,0.0012662339
104,15,15,True,15,0.9998572,95,7.061882e-05,0.99978656,0.9998572,0.0016752487
105,0,0,True,0,0.9987136,46,0.0011202637,0.99759334,0.9987136,0.010639451
106,54,54,True,54,0.9998704,2,1.5783084e-05,0.9998546,0.9998704,0.0017107048
107,30,30,True,30,0.99989367,32,6.106063e-05,0.99983263,0.99989367,0.0012360193
108,43,43,True,43,0.99988914,79,1.4194756e-05,0.99987495,0.99988914,0.0014786888
109,50,50,True,50,0.99988675,48,1.4469953e-05,0.99987227,0.99988675,0.0015188061
110,76,76,True,76,0.9999728,84,5.7800207e-06,0.99996704,0.9999728,0.00039052853
111,39,39,True,39,0.9999094,1,1.7056142e-05,0.99989235,0.9999094,0.0012178139
112,30,30,True,30,0.9998869,52,4.9132137e-05,0.99983776,0.9998869,0.0013090526
113,38,38,True,38,0.99996257,66,1.0190234e-05,0.9999524,0.99996257,0.00051883474
114,8,8,True,8,0.999887,97,3.1702646e-05,0.9998553,0.999887,0.0014083835
115,39,39,True,39,0.99994206,1,7.0251012e-06,0.99993503,0.99994206,0.00080306083
116,57,57,True,57,0.99967766,85,3.875104e-05,0.9996389,0.99967766,0.003975352
117,39,39,True,39,0.9999472,75,6.2053227e-06,0.999941,0.9999472,0.0007387878
118,54,54,True,54,0.99983776,16,1.7678876e-05,0.99982005,0.99983776,0.0021065883
119,88,88,True,88,0.9999294,6,9.4302895e-06,0.99992,0.9999294,0.0009710488
120,7,7,True,7,0.99994826,95,1.0665136e-05,0.9999376,0.99994826,0.0007141761
121,28,28,True,28,0.99823976,99,0.00046694643,0.9977728,0.99823976,0.017331896
122,52,52,True,52,0.99994195,9,1.5672691e-05,0.99992627,0.99994195,0.0007692737
123,36,36,True,36,0.99989355,66,2.9504074e-05,0.99986404,0.99989355,0.0013404144
124,10,10,True,10,0.999889,2,2.462057e-05,0.9998644,0.999889,0.0014697172
125,0,0,True,0,0.9986098,46,0.001228554,0.9973812,0.9986098,0.01133166
126,86,86,True,86,0.9998684,66,6.2160434e-05,0.9998062,0.9998684,0.0016377107
127,83,83,True,83,0.99994195,10,7.502432e-06,0.99993443,0.99994195,0.0008154857
128,59,59,True,59,0.9999484,61,6.9562443e-06,0.9999414,0.9999484,0.00072060735
129,96,96,True,96,0.9998561,85,1.8317762e-05,0.9998378,0.9998561,0.0018340293
130,65,65,True,65,0.999821,34,5.2940755e-05,0.9997681,0.999821,0.0022144266
131,94,94,True,94,0.534117,84,0.46547076,0.06864622,0.534117,0.6953124
132,65,65,True,65,0.9999175,34,2.5515443e-05,0.999892,0.9999175,0.0010859323
133,62,62,True,62,0.99994576,97,1.0656355e-05,0.9999351,0.99994576,0.0007326787
134,24,24,True,24,0.99992824,74,1.719621e-05,0.999911,0.99992824,0.0009356875
135,67,67,True,67,0.9999268,62,1.1275608e-05,0.99991554,0.9999268,0.001013387
136,22,22,True,22,0.6688049,23,0.33025873,0.33854616,0.6688049,0.6441559
137,17,17,True,17,0.9998685,88,1.8946781e-05,0.99984956,0.9998685,0.0016917017
138,58,58,True,58,0.9999113,54,1.8350054e-05,0.99989295,0.9999113,0.0011941363
139,15,15,True,15,0.9996617,72,7.6179305e-05,0.9995855,0.9996617,0.0039818487
140,26,26,True,26,0.99988365,42,2.0140276e-05,0.9998635,0.99988365,0.001499259
141,46,46,True,46,0.99991953,12,4.46162e-05,0.9998749,0.99991953,0.00094418024
142,5,5,True,5,0.9998683,26,4.4060478e-05,0.9998242,0.9998683,0.0016646622
143,40,40,True,40,0.999736,18,7.3633906e-05,0.9996624,0.999736,0.0031378216
144,62,62,True,62,0.9999571,15,1.1845459e-05,0.9999452,0.9999571,0.0005868082
145,24,24,True,24,0.9999304,74,1.4942438e-05,0.9999154,0.9999304,0.0009195
146,79,79,True,79,0.99991477,43,1.8519277e-05,0.9998962,0.99991477,0.0011451206
147,68,68,True,68,0.9998425,48,4.9546274e-05,0.999793,0.9998425,0.001955582
148,15,15,True,15,0.99993265,28,2.8947268e-05,0.9999037,0.99993265,0.0008495818
149,71,71,True,71,0.99985564,83,1.6315345e-05,0.9998393,0.99985564,0.0018925596
150,25,25,True,25,0.999894,58,1.502897e-05,0.999879,0.999894,0.0014145018
151,66,66,True,66,0.99996626,36,7.2118437e-06,0.99995905,0.99996626,0.00047753795
152,52,52,True,52,0.99994445,9,1.4423723e-05,0.99993,0.99994445,0.00074343075
153,31,31,True,31,0.99989355,97,1.8760102e-05,0.9998748,0.99989355,0.0013991209
154,69,69,True,69,0.99988794,75,1.5190903e-05,0.99987274,0.99988794,0.0014662736
155,8,8,True,8,0.99988925,97,3.2560707e-05,0.9998567,0.99988925,0.0013788028
156,4,4,True,4,0.9999428,68,1.0414356e-05,0.99993235,0.9999428,0.00079064566
157,56,56,True,56,0.9999622,98,1.1760882e-05,0.99995047,0.9999622,0.00052239554
158,41,41,True,41,0.99986327,28,3.2661465e-05,0.9998306,0.99986327,0.0016825086
159,51,51,True,51,0.9997116,10,3.0659852e-05,0.99968094,0.9997116,0.0036000505
160,43,43,True,43,0.99986994,79,1.4683859e-05,0.9998553,0.99986994,0.0017202778
161,63,63,True,63,0.9998654,64,2.3857687e-05,0.9998416,0.9998654,0.0017600076
162,14,14,True,14,0.9999385,80,1.1596794e-05,0.99992687,0.9999385,0.00083711144
163,98,98,True,98,0.99973243,15,0.00013681922,0.99959564,0.99973243,0.0028904325
164,26,26,True,26,0.99974054,5,5.2549094e-05,0.99968797,0.99974054,0.00315601
165,1,1,True,1,0.9999114,28,3.122498e-05,0.9998802,0.9999114,0.0011190239
166,11,11,True,11,0.9999002,2,1.6548802e-05,0.99988365,0.9999002,0.0013281935
167,17,17,True,17,0.99987984,26,1.8096705e-05,0.9998617,0.99987984,0.0015555534
168,47,47,True,47,0.99988484,91,2.1630172e-05,0.9998632,0.99988484,0.0015035666
169,93,93,True,93,0.9999136,70,1.3762473e-05,0.9998998,0.9999136,0.0011635344
170,3,3,True,3,0.99989736,96,1.2177595e-05,0.9998852,0.99989736,0.00135993
171,26,26,True,26,0.9998585,5,2.8458213e-05,0.99983007,0.9998585,0.001797323
172,47,47,True,47,0.9999573,21,5.330336e-06,0.999952,0.9999573,0.0006056266
173,11,11,True,11,0.9998287,3,3.5363315e-05,0.99979335,0.9998287,0.002144707
174,66,66,True,66,0.9999633,36,5.6844974e-06,0.9999576,0.9999633,0.0005150884
175,6,6,True,6,0.99966884,14,5.3552772e-05,0.9996153,0.99966884,0.0040131006
176,8,8,True,8,0.999894,97,3.3693985e-05,0.99986035,0.999894,0.001319918
177,22,22,True,22,0.57193375,23,0.4276549,0.14427885,0.57193375,0.68738556
178,37,37,True,37,0.9999374,18,1.5519008e-05,0.9999219,0.9999374,0.00086682773
179,39,39,True,39,0.999964,1,6.5100885e-06,0.9999575,0.999964,0.0005186648
180,7,7,True,7,0.9999443,95,1.0130273e-05,0.9999342,0.9999443,0.0007726448
181,3,3,True,3,0.9998807,11,1.5631414e-05,0.99986506,0.9998807,0.0015670265
182,16,16,True,16,0.9997967,50,2.4503779e-05,0.9997722,0.9997967,0.0026216952
183,41,41,True,41,0.9994863,27,0.00021314992,0.9992732,0.9994863,0.0054087667
184,40,40,True,40,0.9998374,18,3.9357063e-05,0.99979806,0.9998374,0.0020129427
185,6,6,True,6,0.9998888,17,1.4433612e-05,0.99987435,0.9998888,0.0014606959
186,18,18,True,18,0.99946207,28,0.00019435571,0.9992677,0.99946207,0.0057071755
187,99,99,True,99,0.99993384,28,1.937946e-05,0.99991447,0.99993384,0.0008631001
188,65,65,True,65,0.99993265,34,1.93519e-05,0.9999133,0.99993265,0.00090245606
189,83,83,True,83,0.9999291,10,7.393281e-06,0.9999217,0.9999291,0.0009815771
190,42,42,True,42,0.999918,65,2.0866479e-05,0.9998971,0.999918,0.0010768116
191,62,62,True,62,0.99994946,15,1.07763035e-05,0.99993867,0.99994946,0.00068599003
192,5,5,True,5,0.99986625,26,2.929487e-05,0.999837,0.99986625,0.0017233016
193,79,79,True,79,0.9999155,43,2.0378973e-05,0.9998951,0.9999155,0.001129969
194,87,87,True,87,0.9999399,99,2.3167615e-05,0.99991673,0.9999399,0.00079822156
195,50,50,True,50,0.99993014,48,1.1393489e-05,0.99991876,0.99993014,0.0009659453
196,87,87,True,87,0.99995244,99,1.7589831e-05,0.99993485,0.99995244,0.00064521923
197,24,24,True,24,0.99993587,74,1.4121775e-05,0.99992174,0.99993587,0.0008516886
198,76,76,True,76,0.9999478,84,1.805067e-05,0.9999297,0.9999478,0.0006841682
199,94,84,False,84,0.5318359,94,0.46797854,0.06385738,0.46797854,0.6933632
200,73,73,True,73,0.99993885,14,8.530612e-06,0.9999303,0.99993885,0.0008513886
201,45,45,True,45,0.99252325,12,0.0071902294,0.985333,0.99252325,0.046144895
202,49,49,True,49,0.9996413,9,0.00012106542,0.99952024,0.9996413,0.00415415
203,49,49,True,49,0.9997135,9,8.347845e-05,0.99963,0.9997135,0.0033850481
204,50,50,True,50,0.99984276,48,2.822357e-05,0.9998145,0.99984276,0.0020319463
205,72,72,True,72,0.99995184,32,1.4541117e-05,0.9999373,0.99995184,0.00066525093
206,70,70,True,70,0.99991524,72,1.3829596e-05,0.9999014,0.99991524,0.0011684552
207,23,22,False,22,0.57485175,23,0.42469454,0.15015721,0.42469454,0.68694305
208,16,16,True,16,0.99981254,50,2.1024129e-05,0.9997915,0.99981254,0.0024252587
209,4,4,True,4,0.99986434,68,1.8918447e-05,0.99984545,0.99986434,0.0017687904
210,60,60,True,60,0.99949145,12,9.277901e-05,0.99939865,0.99949145,0.0057245838
211,51,51,True,51,0.99966264,10,3.1955642e-05,0.9996307,0.99966264,0.00417116
212,22,23,False,23,0.5079829,22,0.49168387,0.01629904,0.49168387,0.6968629
213,68,68,True,68,0.9999325,48,1.534855e-05,0.99991715,0.9999325,0.0008949376
214,18,18,True,18,0.99993396,40,1.3600506e-05,0.99992037,0.99993396,0.00088721927
215,89,89,True,89,0.9999441,46,2.2583858e-05,0.9999215,0.9999441,0.0007228805
216,92,92,True,92,0.9998646,90,4.083888e-05,0.99982375,0.9998646,0.00168693
217,74,74,True,74,0.999684,1,7.867739e-05,0.9996053,0.999684,0.0037054156
218,6,6,True,6,0.99982375,14,1.9498171e-05,0.99980426,0.99982375,0.0022585
219,80,80,True,80,0.99965775,14,0.00014746968,0.9995103,0.99965775,0.0038307915
220,78,78,True,78,0.9998111,9,1.4290803e-05,0.9997968,0.9998111,0.002461755
221,57,57,True,57,0.9995747,64,4.449592e-05,0.9995302,0.9995747,0.0051330007
222,22,23,False,23,0.50570583,22,0.49394074,0.011765093,0.49394074,0.69713974
223,4,4,True,4,0.99995077,68,9.050052e-06,0.9999417,0.99995077,0.00068736426
224,48,48,True,48,0.99989617,50,2.0297195e-05,0.99987584,0.99989617,0.0013476199
225,5,5,True,5,0.99987364,26,3.1702195e-05,0.9998419,0.99987364,0.0016247404
226,94,84,False,84,0.5106704,94,0.48885137,0.021819055,0.48885137,0.69826925
227,53,53,True,53,0.9999336,15,1.5659858e-05,0.9999179,0.9999336,0.0008737007
228,81,81,True,81,0.9992705,82,0.0005400088,0.9987305,0.9992705,0.006955639
229,97,97,True,97,0.9999745,8,5.405001e-06,0.99996907,0.9999745,0.0003669523
230,63,63,True,63,0.9999076,42,1.6156151e-05,0.99989146,0.9999076,0.0012335395
231,90,90,True,90,0.99982613,1,9.457355e-05,0.99973154,0.99982613,0.0020535013
232,62,62,True,62,0.99839205,97,0.0005180002,0.997874,0.99839205,0.016429642
233,79,79,True,79,0.99991393,43,1.8130368e-05,0.9998958,0.99991393,0.0011517536
234,44,44,True,44,0.9998779,77,2.0784413e-05,0.9998571,0.9998779,0.0015558243
235,80,80,True,80,0.9991541,14,0.0002606515,0.99889344,0.9991541,0.008893131
236,87,87,True,87,0.99994755,99,1.9366462e-05,0.9999282,0.99994755,0.00070567615
237,82,82,True,82,0.99976367,46,0.00014963081,0.99961406,0.99976367,0.0025786464
238,84,84,True,84,0.55199045,94,0.4478749,0.104115546,0.55199045,0.689399
239,74,74,True,74,0.99980205,24,5.032107e-05,0.99975175,0.99980205,0.0023737121
240,82,82,True,82,0.9997873,46,0.00013199772,0.99965525,0.9997873,0.0023516424
241,40,40,True,40,0.99976844,18,5.9758873e-05,0.99970865,0.99976844,0.0027747052
242,20,20,True,20,0.9998047,68,7.23132e-05,0.9997324,0.9998047,0.002362295
243,44,44,True,44,0.9999008,9,2.6819702e-05,0.999874,0.9999008,0.0012684262
244,99,99,True,99,0.99994576,91,1.3728911e-05,0.99993205,0.99994576,0.0007070001
245,28,28,True,28,0.99992526,18,3.6931593e-05,0.9998883,0.99992526,0.00092988356
246,27,27,True,27,0.9983903,28,0.00060332747,0.997787,0.9983903,0.015579024
247,53,53,True,53,0.9999459,15,1.0598677e-05,0.99993527,0.9999459,0.0007342596
248,35,35,True,35,0.99980265,82,3.0209607e-05,0.9997724,0.99980265,0.0025181375
249,41,41,True,41,0.9999478,28,9.181441e-06,0.9999386,0.9999478,0.0007053247
250,41,41,True,41,0.8956571,27,0.08706198,0.8085951,0.8956571,0.41330308
251,60,60,True,60,0.99961424,12,0.000112118585,0.9995021,0.99961424,0.0044096513
252,24,24,True,24,0.99993587,74,1.3954883e-05,0.9999219,0.99993587,0.0008522236
253,73,73,True,73,0.9997446,62,2.5725269e-05,0.99971884,0.9997446,0.0032421858
254,29,29,True,29,0.9017372,60,0.08671396,0.81502324,0.9017372,0.38205162
255,9,9,True,9,0.999777,80,4.6816258e-05,0.9997302,0.999777,0.0026640475
256,35,35,True,35,0.9999248,64,1.3538265e-05,0.99991125,0.9999248,0.0010202946
257,61,61,True,61,0.9998858,58,1.783646e-05,0.999868,0.9998858,0.0014849391
258,72,72,True,72,0.9999654,32,1.1609799e-05,0.9999538,0.9999654,0.00048538204
259,7,7,True,7,0.999948,95,1.0631672e-05,0.9999374,0.999948,0.0007226533
260,10,10,True,10,0.9998746,2,2.242667e-05,0.9998522,0.9998746,0.0016553989
261,72,72,True,72,0.9997825,67,9.036804e-05,0.99969214,0.9997825,0.0024943594
262,64,64,True,64,0.99978024,48,5.345898e-05,0.9997268,0.99978024,0.0027439238
263,70,70,True,70,0.9999149,74,9.45903e-06,0.9999054,0.9999149,0.0011763402
264,49,49,True,49,0.99958056,9,0.0001072111,0.99947333,0.99958056,0.0048369127
265,99,99,True,99,0.9999454,28,1.636509e-05,0.999929,0.9999454,0.00071706204
266,90,90,True,90,0.99995255,1,1.7940029e-05,0.9999346,0.99995255,0.00063663855
267,9,9,True,9,0.9996402,80,0.0001310778,0.99950916,0.9996402,0.0040219477
268,87,87,True,87,0.9999486,99,2.0824176e-05,0.9999278,0.9999486,0.000687779
269,41,41,True,41,0.99962103,28,0.00011674411,0.99950427,0.99962103,0.0042536636
270,96,96,True,96,0.9834199,34,0.008163064,0.97525686,0.9834199,0.121911876
271,5,5,True,5,0.9998722,26,3.7223854e-05,0.99983495,0.9998722,0.0016398083
272,42,42,True,42,0.99993396,65,8.314068e-06,0.9999257,0.99993396,0.00090092095
273,81,81,True,81,0.99866366,82,0.0011690591,0.9974946,0.99866366,0.011190337
274,84,94,False,94,0.5373829,84,0.4623526,0.0750303,0.4623526,0.69342077
275,91,91,True,91,0.9999666,36,1.03364455e-05,0.9999563,0.9999666,0.00047262182
276,84,84,True,84,0.5709017,94,0.42885813,0.14204356,0.5709017,0.6858746
277,74,74,True,74,0.99968064,1,8.229824e-05,0.9995983,0.99968064,0.0037420678
278,80,80,True,80,0.9997261,14,0.00010192154,0.9996242,0.9997261,0.0031640201
279,54,54,True,54,0.9993806,58,0.00011892092,0.9992617,0.9993806,0.0071401284
280,47,47,True,47,0.99995875,21,4.8030383e-06,0.9999539,0.99995875,0.00058700837
281,56,56,True,56,0.9999664,98,9.225559e-06,0.99995714,0.9999664,0.00047006347
282,74,74,True,74,0.9996921,24,0.00012609446,0.99956596,0.9996921,0.003446167
283,98,98,True,98,0.99976593,56,0.0001278698,0.9996381,0.99976593,0.0025422336
284,76,76,True,76,0.9999783,84,5.4583656e-06,0.9999728,0.9999783,0.00031365003
285,54,54,True,54,0.9998548,16,1.47006185e-05,0.9998401,0.9998548,0.0019007834
286,96,96,True,96,0.9998265,78,1.8923902e-05,0.9998076,0.9998265,0.0022113468
287,77,77,True,77,0.9999645,24,7.539195e-06,0.99995697,0.9999645,0.00050827273
288,51,51,True,51,0.99971026,59,2.9611438e-05,0.99968064,0.99971026,0.003615093
289,99,99,True,99,0.9999279,91,2.5773232e-05,0.9999021,0.9999279,0.0009234817
290,68,68,True,68,0.99989665,48,3.116737e-05,0.9998655,0.99989665,0.0013341494
291,25,25,True,25,0.9998981,11,1.9302426e-05,0.99987876,0.9998981,0.0013602042
292,69,69,True,69,0.99987006,61,1.8770379e-05,0.9998513,0.99987006,0.0016722179
293,1,1,True,1,0.99989593,28,3.2275722e-05,0.9998637,0.99989593,0.001310229
294,92,92,True,92,0.9997125,90,0.000100938734,0.9996116,0.9997125,0.003370245
295,97,97,True,97,0.99992394,89,1.7863407e-05,0.99990606,0.99992394,0.0010003494
296,63,63,True,63,0.99979323,64,3.572359e-05,0.9997575,0.99979323,0.0025895631
297,81,81,True,81,0.9989524,82,0.00087367644,0.9980787,0.9989524,0.009220363
298,54,54,True,54,0.9998661,16,1.5235387e-05,0.99985087,0.9998661,0.0017625818
299,51,51,True,51,0.9994856,80,5.962773e-05,0.999426,0.9994856,0.0061117047
300,10,10,True,10,0.9998894,2,1.9954576e-05,0.9998694,0.9998894,0.0014767471
301,59,59,True,59,0.9999434,61,7.490318e-06,0.99993587,0.9999434,0.00078363274
302,44,44,True,44,0.9998204,77,2.9501294e-05,0.9997909,0.9998204,0.002231185
303,76,76,True,76,0.9999516,84,1.0847049e-05,0.99994075,0.9999516,0.00066526973
304,13,13,True,13,0.99989545,50,1.6440732e-05,0.999879,0.99989545,0.0013826938
305,29,29,True,29,0.9155667,60,0.07354002,0.84202665,0.9155667,0.34570912
306,7,7,True,7,0.9995664,95,0.00011168378,0.9994547,0.9995664,0.00501384
307,45,45,True,45,0.9997161,12,0.00024572745,0.99947035,0.9997161,0.0028266476
308,49,49,True,49,0.99948955,9,0.0001821309,0.9993074,0.99948955,0.005704122
309,28,28,True,28,0.9999429,18,2.5100959e-05,0.9999178,0.9999429,0.0007352428
310,37,37,True,37,0.9999602,18,8.989432e-06,0.9999512,0.9999602,0.00057053467
311,64,64,True,64,0.99978226,35,2.9960387e-05,0.9997523,0.99978226,0.0027594056
312,64,64,True,64,0.99981767,35,2.701077e-05,0.99979067,0.99981767,0.0023466817
313,12,12,True,12,0.99967027,46,0.00017413603,0.9994961,0.99967027,0.0035677308
314,78,78,True,78,0.99949634,80,5.1088384e-05,0.99944526,0.99949634,0.0060979743
315,38,38,True,38,0.9999622,66,9.776429e-06,0.99995244,0.9999622,0.0005273309
316,2,2,True,2,0.9998568,54,4.20119e-05,0.9998148,0.9998568,0.0018098163
317,97,97,True,97,0.99998045,8,4.0157793e-06,0.99997646,0.99998045,0.00028786308
318,44,44,True,44,0.99987125,77,2.2786344e-05,0.9998485,0.99987125,0.0016323926
319,68,68,True,68,0.9999409,48,1.1972421e-05,0.9999289,0.9999409,0.0007969746
320,10,10,True,10,0.9998565,2,3.3655277e-05,0.9998228,0.9998565,0.0018603271
321,75,75,True,75,0.99998295,7,3.3631409e-06,0.9999796,0.99998295,0.00025395886
322,42,42,True,42,0.999941,65,8.624975e-06,0.99993235,0.999941,0.00081033516
323,38,38,True,38,0.99995923,66,9.813726e-06,0.9999494,0.99995923,0.0005633742
324,78,78,True,78,0.9997824,25,1.9709027e-05,0.99976265,0.9997824,0.002795944
325,72,72,True,72,0.99996245,32,1.3627081e-05,0.9999488,0.99996245,0.0005227359
326,2,2,True,2,0.9998778,54,3.6277328e-05,0.9998415,0.9998778,0.0015559796
327,42,42,True,42,0.9999418,65,8.781811e-06,0.99993306,0.9999418,0.00079784653
328,88,88,True,88,0.9999255,6,1.1840647e-05,0.99991363,0.9999255,0.0010175993
329,75,75,True,75,0.9999368,34,5.525965e-06,0.9999313,0.9999368,0.00088456203
330,83,83,True,83,0.9996929,72,3.3416287e-05,0.9996595,0.9996929,0.0038598238
331,85,85,True,85,0.99993324,6,1.3452344e-05,0.9999198,0.99993324,0.00090645713
332,67,67,True,67,0.9999232,62,1.5535654e-05,0.9999077,0.9999232,0.0010479954
333,74,74,True,74,0.9999062,82,1.27140165e-05,0.9998935,0.9999062,0.0012393668
334,3,3,True,3,0.9998492,0,3.4738594e-05,0.99981445,0.9998492,0.0019466596
335,57,57,True,57,0.9995685,64,5.2251482e-05,0.99951625,0.9995685,0.0052040843
336,8,8,True,8,0.99988544,97,3.3839184e-05,0.9998516,0.99988544,0.0014208808
337,35,35,True,35,0.99991155,64,1.6993039e-05,0.99989456,0.99991155,0.0011886454
338,89,89,True,89,0.99993944,46,1.6426191e-05,0.999923,0.99993944,0.0008025992
339,56,56,True,56,0.9996824,98,0.0002419823,0.99944043,0.9996824,0.0032967415
340,32,32,True,32,0.99937797,46,0.00026677284,0.9991112,0.99937797,0.0064231544
341,52,52,True,52,0.9999517,9,1.26945415e-05,0.999939,0.9999517,0.0006509632
342,33,33,True,33,0.9998541,85,2.7922193e-05,0.9998262,0.9998541,0.0018474703
343,38,38,True,38,0.999959,66,9.498534e-06,0.9999495,0.999959,0.0005674739
344,62,62,True,62,0.9998958,15,3.4170054e-05,0.99986166,0.9998958,0.0013258477
345,84,84,True,84,0.51075196,94,0.48892388,0.021828085,0.51075196,0.6966095
346,87,87,True,87,0.9999397,99,2.1715066e-05,0.999918,0.9999397,0.0008065021
347,23,22,False,22,0.5111196,23,0.48854652,0.022573084,0.48854652,0.69672525
348,22,23,False,23,0.5446903,22,0.45502463,0.08966568,0.45502463,0.69245267
349,15,15,True,15,0.6105605,91,0.30427933,0.30628115,0.6105605,1.089845
350,4,4,True,4,0.9999416,68,1.1180859e-05,0.9999304,0.9999416,0.0008056236
351,87,87,True,87,0.9999424,99,2.2003955e-05,0.9999204,0.9999424,0.0007673985
352,93,93,True,93,0.9997465,92,6.1399754e-05,0.9996851,0.9997465,0.0031764586
353,74,74,True,74,0.99986756,32,3.0019575e-05,0.9998375,0.99986756,0.0016537362
354,50,50,True,50,0.9998361,48,2.7993225e-05,0.9998081,0.9998361,0.002114556
355,89,89,True,89,0.99924916,0,0.00037944387,0.9988697,0.99924916,0.0071931966
356,25,25,True,25,0.99985373,49,1.937532e-05,0.99983436,0.99985373,0.0019049264
357,66,66,True,66,0.9999323,86,8.936119e-06,0.99992335,0.9999323,0.0009170055
358,17,17,True,17,0.9998266,26,3.303505e-05,0.9997936,0.9998266,0.002168172
359,95,95,True,95,0.9975216,82,0.00047864573,0.99704295,0.9975216,0.024192777
360,75,75,True,75,0.99970144,36,7.494167e-05,0.9996265,0.99970144,0.0034544365
361,40,40,True,40,0.99983597,18,4.216013e-05,0.9997938,0.99983597,0.0020469187
362,23,23,True,23,0.5628002,22,0.43691784,0.12588239,0.5628002,0.6885053
363,73,73,True,73,0.99990845,14,1.1714246e-05,0.9998967,0.99990845,0.0012458806
364,84,84,True,84,0.55636144,94,0.44340932,0.11295211,0.55636144,0.68949723
365,2,2,True,2,0.99985695,54,3.7169684e-05,0.99981976,0.99985695,0.0018141444
366,41,41,True,41,0.9013949,18,0.089591034,0.8118039,0.9013949,0.3758134
367,29,29,True,29,0.92330164,60,0.066060916,0.85724074,0.92330164,0.32473716
368,9,9,True,9,0.9996463,80,0.00011066172,0.9995356,0.9996463,0.0040560276
369,53,53,True,53,0.99992955,15,1.7626742e-05,0.9999119,0.99992955,0.00094269024
370,31,31,True,31,0.99998283,39,3.845783e-06,0.99997896,0.99998283,0.000258151
371,25,25,True,25,0.999908,58,1.4179085e-05,0.9998938,0.999908,0.001237876
372,21,21,True,21,0.9999441,17,1.4901075e-05,0.9999292,0.9999441,0.0007590691
373,89,89,True,89,0.9998492,0,6.854759e-05,0.99978065,0.9998492,0.0017491173
374,26,26,True,26,0.9998702,42,2.357016e-05,0.99984664,0.9998702,0.0016569551
375,57,57,True,57,0.9995447,85,4.6119516e-05,0.99949855,0.9995447,0.005460318
376,2,2,True,2,0.9998313,54,4.7166475e-05,0.9997842,0.9998313,0.002104672
377,75,75,True,75,0.99992085,28,7.3903866e-06,0.99991345,0.99992085,0.0010803806
378,77,77,True,77,0.9999546,24,1.0648434e-05,0.9999439,0.9999546,0.00063779275
379,56,56,True,56,0.9954201,98,0.0026851373,0.99273497,0.9954201,0.03793957
380,49,49,True,49,0.9996693,9,8.535575e-05,0.99958396,0.9996693,0.0039039096
381,90,90,True,90,0.99992204,1,5.0379258e-05,0.9998717,0.99992204,0.0009438666
382,89,89,True,89,0.9999585,46,1.1492685e-05,0.999947,0.9999585,0.0005663253
383,33,33,True,33,0.99990666,85,1.6036081e-05,0.9998906,0.99990666,0.001229245
384,32,32,True,32,0.9993461,46,0.0004976476,0.99884844,0.9993461,0.0062345774
385,7,7,True,7,0.9999263,75,1.5346654e-05,0.999911,0.9999263,0.0009861077
386,76,76,True,76,0.99997926,84,4.8162506e-06,0.9999744,0.99997926,0.00030300094
387,7,7,True,7,0.99995077,75,8.853628e-06,0.9999419,0.99995077,0.00068522006
388,84,94,False,94,0.5282418,84,0.47155577,0.056686044,0.47155577,0.69393796
389,90,90,True,90,0.99993753,1,1.581838e-05,0.99992174,0.99993753,0.0008391025
390,41,41,True,41,0.9990325,27,0.00032423582,0.99870825,0.9990325,0.009924686
391,58,58,True,58,0.9999025,54,1.7919774e-05,0.99988455,0.9999025,0.001300202
392,45,45,True,45,0.99971193,12,0.0002491038,0.99946284,0.99971193,0.0028661098
393,37,37,True,37,0.99991965,18,2.1061382e-05,0.9998986,0.99991965,0.0010902581
394,16,16,True,16,0.9998367,39,2.2622517e-05,0.99981403,0.9998367,0.002128899
395,69,69,True,69,0.999858,75,2.417721e-05,0.9998338,0.999858,0.0018208928
396,94,94,True,94,0.51998246,84,0.47977597,0.040206492,0.51998246,0.69516885
397,3,3,True,3,0.9998467,0,2.825422e-05,0.99981844,0.9998467,0.0019853339
398,59,59,True,59,0.9999324,61,8.992716e-06,0.9999234,0.9999324,0.0009240681
399,5,5,True,5,0.9998956,26,2.2642518e-05,0.9998729,0.9998956,0.0013619863
400,85,85,True,85,0.99993753,6,1.19340775e-05,0.9999256,0.99993753,0.0008507935
401,97,97,True,97,0.9998671,52,3.0210722e-05,0.99983686,0.9998671,0.001651257
402,65,65,True,65,0.99968576,42,7.990212e-05,0.99960583,0.99968576,0.0038072963
403,55,55,True,55,0.99994636,48,1.305849e-05,0.9999333,0.99994636,0.0007402321
404,22,23,False,23,0.55325675,22,0.44639722,0.106859535,0.44639722,0.69143414
405,22,22,True,22,0.5196373,23,0.47998038,0.039656907,0.5196373,0.69673085
406,3,3,True,3,0.99988866,0,2.17181e-05,0.99986696,0.99988866,0.0014778491
407,43,43,True,43,0.9998497,79,1.6214348e-05,0.99983346,0.9998497,0.001955865
408,34,34,True,34,0.9998362,94,2.8858014e-05,0.99980736,0.9998362,0.002065194
409,66,66,True,66,0.99996924,36,6.4718174e-06,0.99996275,0.99996924,0.00043765098
410,12,12,True,12,0.9999796,46,8.675731e-06,0.9999709,0.9999796,0.0002784711
411,85,85,True,85,0.99994195,6,9.990463e-06,0.99993193,0.99994195,0.0007964774
412,78,78,True,78,0.999798,80,1.5541118e-05,0.99978244,0.999798,0.0026168085
413,98,98,True,98,0.9997404,56,0.0001326209,0.9996078,0.9997404,0.0028114559
414,13,13,True,13,0.9999007,50,1.6041828e-05,0.99988467,0.9999007,0.0013181962
415,60,60,True,60,0.9996344,29,9.247953e-05,0.9995419,0.9996344,0.004191099
416,44,44,True,44,0.99985325,77,2.6449266e-05,0.9998268,0.99985325,0.0018413546
417,3,3,True,3,0.9997495,0,4.4231634e-05,0.99970526,0.9997495,0.0031562892
418,98,98,True,98,0.9997049,56,0.00015438715,0.9995505,0.9997049,0.0031775304
419,85,85,True,85,0.9999461,6,9.817015e-06,0.9999363,0.9999461,0.00074385037
420,68,68,True,68,0.9999404,48,1.6162923e-05,0.99992424,0.9999404,0.0007855041
421,23,23,True,23,0.602396,22,0.39734504,0.20505098,0.602396,0.6750209
422,16,16,True,16,0.9997937,39,3.266857e-05,0.99976104,0.9997937,0.0026345018
423,62,62,True,62,0.999941,15,1.714735e-05,0.9999238,0.999941,0.0007821048
424,60,60,True,60,0.9995956,12,0.00012742807,0.99946815,0.9995956,0.0045804903
425,29,29,True,29,0.9954602,60,0.0029778983,0.9924823,0.9954602,0.03739915
426,83,83,True,83,0.9999056,10,9.924871e-06,0.99989563,0.9999056,0.00127967
427,88,88,True,88,0.99989116,17,1.5019829e-05,0.99987614,0.99989116,0.00144908
428,2,2,True,2,0.99989367,54,2.9156814e-05,0.9998645,0.99989367,0.0013792991
429,0,0,True,0,0.9956505,46,0.0041609136,0.9914895,0.9956505,0.02910607
430,35,35,True,35,0.99991167,43,1.5825151e-05,0.9998958,0.99991167,0.0011893122
431,72,72,True,72,0.99995434,32,1.8040686e-05,0.9999363,0.99995434,0.0006215054
432,26,26,True,26,0.9998783,17,1.8814533e-05,0.99985945,0.9998783,0.0015702163
433,84,84,True,84,0.5741636,94,0.42560726,0.14855635,0.5741636,0.6848134
434,93,93,True,93,0.99987197,70,2.2643993e-05,0.9998493,0.99987197,0.0016783917
435,92,92,True,92,0.99979204,90,5.6980065e-05,0.99973506,0.99979204,0.0025010859
436,47,47,True,47,0.9999335,23,8.710855e-06,0.9999248,0.9999335,0.0009147305
437,2,2,True,2,0.99984527,54,4.1147403e-05,0.99980414,0.99984527,0.0019505618
438,71,71,True,71,0.99983597,13,1.7589897e-05,0.9998184,0.99983597,0.0021332016
439,23,22,False,22,0.5239444,23,0.4757202,0.04822418,0.4757202,0.6958712
440,44,44,True,44,0.999871,77,2.3125445e-05,0.9998479,0.999871,0.0016366696
441,67,67,True,67,0.9999207,62,1.4735544e-05,0.999906,0.9999207,0.0010884163
442,37,37,True,37,0.9999572,18,1.0283146e-05,0.9999469,0.9999572,0.00060965604
443,64,64,True,64,0.99972504,35,4.3230233e-05,0.99968183,0.99972504,0.0034205928
444,47,47,True,47,0.9999318,21,9.489549e-06,0.99992234,0.9999318,0.0009325357
445,17,17,True,17,0.9998677,21,2.0991669e-05,0.9998467,0.9998677,0.0016976419
446,14,14,True,14,0.99995077,80,9.940304e-06,0.9999408,0.99995077,0.0006787237
447,98,98,True,98,0.9997253,56,0.00013356945,0.9995917,0.9997253,0.002948588
448,89,89,True,89,0.99993885,46,2.2720376e-05,0.99991614,0.99993885,0.00078295765
449,18,18,True,18,0.9999355,40,1.0665519e-05,0.99992484,0.9999355,0.000865692
450,24,24,True,24,0.9999268,74,1.7790337e-05,0.99990904,0.9999268,0.00095859275
451,16,16,True,16,0.9997887,39,4.253439e-05,0.99974614,0.9997887,0.0026919083
452,82,82,True,82,0.99977285,46,0.00013298236,0.99963987,0.99977285,0.0025185435
453,40,40,True,40,0.9997203,18,7.32736e-05,0.999647,0.9997203,0.0033339497
454,1,1,True,1,0.9998925,28,3.8883212e-05,0.9998536,0.9998925,0.0013348495
455,30,30,True,30,0.9991817,32,0.00060862384,0.99857306,0.9991817,0.007505061
456,45,45,True,45,0.9996805,12,0.00029088906,0.99938965,0.9996805,0.003070911
457,29,29,True,29,0.92412645,60,0.065357305,0.8587691,0.92412645,0.32203764
458,77,77,True,77,0.9999573,68,7.662746e-06,0.99994963,0.9999573,0.0006036359
459,96,96,True,96,0.99983895,78,1.8200659e-05,0.99982077,0.99983895,0.0020540594
460,61,61,True,61,0.9997191,5,9.93254e-05,0.9996198,0.9997191,0.0033268314
461,6,6,True,6,0.9999051,85,1.2838696e-05,0.9998923,0.9999051,0.0012668625
462,94,94,True,94,0.5056763,84,0.49400568,0.011670649,0.5056763,0.6966607
463,94,84,False,84,0.52073073,94,0.47908366,0.041647077,0.47908366,0.6945497
464,56,56,True,56,0.9998722,98,7.762544e-05,0.9997946,0.9998722,0.0015145895
465,29,29,True,29,0.90528864,60,0.08328949,0.82199913,0.90528864,0.3731091
466,11,11,True,11,0.99992406,2,1.3172281e-05,0.9999109,0.99992406,0.0010251864
467,81,81,True,81,0.9991862,82,0.000657926,0.9985283,0.9991862,0.007455503
468,39,39,True,39,0.99992096,1,1.5929507e-05,0.99990505,0.99992096,0.0010702033
469,31,31,True,31,0.9999801,39,4.33674e-06,0.99997574,0.9999801,0.0002944309
470,44,44,True,44,0.99985766,77,2.535874e-05,0.99983233,0.99985766,0.001794599
471,74,74,True,74,0.999684,32,6.654042e-05,0.99961746,0.999684,0.0037249073
472,60,60,True,60,0.89041305,12,0.053026292,0.8373867,0.89041305,0.46407375
473,60,60,True,60,0.99959165,12,0.00012955183,0.99946207,0.99959165,0.0046042595
474,58,58,True,58,0.99993443,54,1.0831347e-05,0.9999236,0.99993443,0.0009040573
475,80,80,True,80,0.9996995,14,0.00010293736,0.99959654,0.9996995,0.0034947773
476,11,11,True,11,0.9999143,2,1.3666873e-05,0.99990064,0.9999143,0.0011505117
477,46,46,True,46,0.99984694,12,0.00011080412,0.99973613,0.99984694,0.0016593457
478,87,87,True,87,0.9999472,99,1.976395e-05,0.9999274,0.9999472,0.0007098435
479,91,91,True,91,0.9999652,36,1.0241233e-05,0.99995494,0.9999652,0.0004929355
480,14,14,True,14,0.99994123,80,8.593228e-06,0.99993265,0.99994123,0.0008004574
481,23,23,True,23,0.53761005,22,0.46210894,0.075501114,0.53761005,0.69358337
482,53,53,True,53,0.9999496,15,1.7986726e-05,0.9999316,0.9999496,0.00067930075
483,75,75,True,75,0.9999765,7,4.52757e-06,0.999972,0.9999765,0.00034740125
484,93,93,True,93,0.9999385,64,1.188711e-05,0.9999266,0.9999385,0.00084238825
485,70,70,True,70,0.9999318,93,7.5853713e-06,0.99992424,0.9999318,0.0009550584
486,19,19,True,19,0.9999292,95,4.1168678e-05,0.999888,0.9999292,0.0008859629
487,18,18,True,18,0.99976784,56,4.4693235e-05,0.99972314,0.99976784,0.0028021866
488,34,34,True,34,0.9999474,87,1.0053867e-05,0.99993736,0.9999474,0.00071661914
489,37,37,True,37,0.99992883,18,1.2858436e-05,0.99991596,0.99992883,0.0009878398
490,69,69,True,69,0.99987817,75,1.921416e-05,0.999859,0.99987817,0.0015835764
491,70,70,True,70,0.99992144,93,1.2239141e-05,0.9999092,0.99992144,0.0010859033
492,38,38,True,38,0.99996376,66,9.097589e-06,0.99995464,0.99996376,0.00050426665
493,62,62,True,62,0.99981064,97,3.0805393e-05,0.9997798,0.99981064,0.0023710136
494,88,88,True,88,0.99992573,6,9.505677e-06,0.99991626,0.99992573,0.0010209929
495,50,50,True,50,0.9997969,48,3.3672535e-05,0.99976325,0.9997969,0.002569557
496,62,62,True,62,0.9999436,97,9.90489e-06,0.9999337,0.9999436,0.0007596866
497,80,80,True,80,0.99961555,14,7.5864766e-05,0.9995397,0.99961555,0.0045616897
498,40,40,True,40,0.9997148,18,7.021633e-05,0.9996446,0.9997148,0.0034228466
499,95,95,True,95,0.99995136,15,1.1411174e-05,0.99994,0.99995136,0.0006566552
500,70,70,True,70,0.9999299,93,8.035248e-06,0.99992186,0.9999299,0.0009838147
501,0,0,True,0,0.9986809,46,0.0011412549,0.99753964,0.9986809,0.010894106
502,8,8,True,8,0.99988973,97,3.1509495e-05,0.9998582,0.99988973,0.001374654
503,76,76,True,76,0.99996376,84,6.8106096e-06,0.99995697,0.99996376,0.0005136162
504,42,42,True,42,0.99993896,65,7.849167e-06,0.9999311,0.99993896,0.0008392293
505,95,95,True,95,0.9999633,19,7.863827e-06,0.9999554,0.9999633,0.00051369745
506,59,59,True,59,0.9997693,51,3.8456925e-05,0.9997308,0.9997693,0.0028289745
507,36,36,True,36,0.9998833,66,3.4705605e-05,0.9998486,0.9998833,0.00143999
508,53,53,True,53,0.9999603,15,8.595228e-06,0.9999517,0.9999603,0.00054990774
509,63,63,True,63,0.9998987,64,1.4951129e-05,0.9998837,0.9998987,0.001355755
510,31,31,True,31,0.99998283,39,3.256318e-06,0.99997956,0.99998283,0.00025548725
511,17,17,True,17,0.99981254,26,3.867213e-05,0.99977386,0.99981254,0.0023208212
512,67,67,True,67,0.99991965,62,1.3268712e-05,0.99990636,0.99991965,0.0011030897
513,23,22,False,22,0.5281024,23,0.47154197,0.056560427,0.47154197,0.6956304
514,47,47,True,47,0.9999366,23,1.0917675e-05,0.9999257,0.9999366,0.00087154977
515,34,34,True,34,0.99994636,87,8.631357e-06,0.9999377,0.99994636,0.0007337851
516,86,86,True,86,0.99987316,66,5.3457778e-05,0.9998197,0.99987316,0.0016084164
517,88,88,True,88,0.9999305,6,1.0427943e-05,0.99992007,0.9999305,0.0009537173
518,12,12,True,12,0.99997115,46,1.4064587e-05,0.9999571,0.99997115,0.0003814873
519,3,3,True,3,0.99975044,0,3.835288e-05,0.9997121,0.99975044,0.0031432577
520,24,24,True,24,0.9999361,74,1.3888423e-05,0.9999222,0.9999361,0.0008471649
521,62,62,True,62,0.9999343,97,1.6816875e-05,0.9999175,0.9999343,0.0008694642
522,50,50,True,50,0.9998826,17,1.661957e-05,0.99986595,0.9998826,0.0015571255
523,49,49,True,49,0.9996113,9,0.0001286611,0.99948263,0.9996113,0.0044636275
524,9,9,True,9,0.9997814,80,7.340937e-05,0.999708,0.9997814,0.0025570525
525,93,93,True,93,0.99986315,92,3.7677313e-05,0.9998255,0.99986315,0.0017690586
526,59,59,True,59,0.99995065,61,6.880399e-06,0.9999438,0.99995065,0.0006902565
527,92,92,True,92,0.999688,90,0.00012128741,0.99956673,0.999688,0.0036188792
528,84,94,False,94,0.5947011,84,0.3901116,0.20458952,0.3901116,0.7810979
529,94,84,False,84,0.5593997,94,0.44033295,0.119066775,0.44033295,0.68918335
530,77,77,True,77,0.99996376,68,5.5409746e-06,0.9999582,0.99996376,0.0005194469
531,20,20,True,20,0.9998635,68,4.3338103e-05,0.9998202,0.9998635,0.0017106672
532,19,19,True,19,0.99995804,95,1.8856668e-05,0.9999392,0.99995804,0.0005602047
533,2,2,True,2,0.99985516,54,3.8932332e-05,0.99981624,0.99985516,0.0018328724
534,36,36,True,36,0.999918,66,2.1679585e-05,0.9998963,0.999918,0.0010479531
535,61,61,True,61,0.9998784,58,1.47869205e-05,0.9998636,0.9998784,0.0015749773
536,75,75,True,75,0.99997544,7,4.3286873e-06,0.9999711,0.99997544,0.0003624331
537,72,72,True,72,0.9999658,32,1.0985088e-05,0.9999548,0.9999658,0.00048185844
538,71,71,True,71,0.9998487,31,2.1823993e-05,0.9998269,0.9998487,0.0019562605
539,9,9,True,9,0.9996147,80,0.00016897084,0.99944574,0.9996147,0.004234706
540,1,1,True,1,0.999902,28,3.2522363e-05,0.99986947,0.999902,0.0012296336
541,15,15,True,15,0.9999405,98,2.931384e-05,0.9999112,0.9999405,0.00076290267
542,61,61,True,61,0.9998592,58,3.1227013e-05,0.999828,0.9998592,0.0017928921
543,5,5,True,5,0.9998764,26,2.920526e-05,0.9998472,0.9998764,0.0015938804
544,73,73,True,73,0.9999056,14,1.3091724e-05,0.9998925,0.9999056,0.0012733187
545,8,8,True,8,0.99985373,97,4.1339972e-05,0.99981236,0.99985373,0.0017770657
546,97,97,True,97,0.9999789,89,4.2775946e-06,0.9999746,0.9999789,0.0003057173
547,56,56,True,56,0.99993694,98,1.5672567e-05,0.99992126,0.99993694,0.00084197393
548,49,49,True,49,0.99961215,9,0.00014322865,0.9994689,0.99961215,0.0044296184
549,96,96,True,96,0.9997929,78,2.1968819e-05,0.9997709,0.9997929,0.0026118038
550,11,11,True,11,0.99990904,2,1.3253913e-05,0.9998958,0.99990904,0.0012146818
551,0,0,True,0,0.99894446,46,0.000876173,0.9980683,0.99894446,0.009079979
552,20,20,True,20,0.9997271,96,6.137146e-05,0.9996657,0.9997271,0.0032573
553,77,77,True,77,0.99995947,44,5.840696e-06,0.9999536,0.99995947,0.00057687814
554,13,13,True,13,0.9998741,50,1.9067193e-05,0.99985504,0.9998741,0.0016448537
555,21,21,True,21,0.9999429,17,1.6466933e-05,0.99992645,0.9999429,0.00077186455
556,70,70,True,70,0.9998728,72,3.6618025e-05,0.9998362,0.9998728,0.0016593699
557,15,15,True,15,0.99996185,98,1.7920633e-05,0.9999439,0.99996185,0.00050547335
558,0,0,True,0,0.9985668,46,0.0011567994,0.99741,0.9985668,0.0119803585
559,51,51,True,51,0.9997162,10,2.992089e-05,0.9996863,0.9997162,0.00355405
560,81,81,True,81,0.999231,82,0.00060462527,0.99862635,0.999231,0.0071577276
561,19,19,True,19,0.99993515,95,3.265226e-05,0.9999025,0.99993515,0.0008309522
562,68,68,True,68,0.99995387,48,9.068075e-06,0.9999448,0.99995387,0.0006282133
563,65,65,True,65,0.9998932,34,2.0530066e-05,0.9998727,0.9998932,0.001399466
564,44,44,True,44,0.9999045,9,2.3197481e-05,0.9998813,0.9999045,0.0012300476
565,4,4,True,4,0.99994326,68,1.0508862e-05,0.99993277,0.99994326,0.0007843009
566,73,73,True,73,0.99991953,14,1.1238339e-05,0.99990827,0.99991953,0.0011022616
567,55,55,True,55,0.9999151,48,2.0233454e-05,0.9998949,0.9999151,0.0011306105
568,13,13,True,13,0.999884,50,1.6106127e-05,0.9998679,0.999884,0.0015272422
569,64,64,True,64,0.9998292,48,2.3296247e-05,0.99980587,0.9998292,0.0021910898
570,10,10,True,10,0.9998155,2,4.654502e-05,0.999769,0.9998155,0.0023334867
571,21,21,True,21,0.9999256,47,2.0216443e-05,0.9999054,0.9999256,0.0009809973
572,43,43,True,43,0.99985564,17,1.6878033e-05,0.99983877,0.99985564,0.0018698061
573,93,93,True,93,0.9999398,92,1.1105017e-05,0.9999287,0.9999398,0.0008320704
574,55,55,True,55,0.9998827,48,2.805116e-05,0.9998546,0.9998827,0.0015294469
575,37,37,True,37,0.99994314,98,5.8288488e-06,0.9999373,0.99994314,0.00080942997
576,69,69,True,69,0.99987733,75,2.319216e-05,0.99985415,0.99987733,0.0015860725
577,78,78,True,78,0.99954706,80,4.2991127e-05,0.9995041,0.99954706,0.005513371
578,63,63,True,63,0.9999002,64,1.6655229e-05,0.9998836,0.9999002,0.0013371538
579,16,16,True,16,0.99980646,39,2.8941738e-05,0.9997775,0.99980646,0.0024790757
580,5,5,True,5,0.9998797,26,2.6894717e-05,0.99985284,0.9998797,0.001560619
581,68,68,True,68,0.9977617,48,0.00057543075,0.9971863,0.9977617,0.022413462
582,8,8,True,8,0.99987054,97,3.8405327e-05,0.99983215,0.99987054,0.0015916063
583,32,32,True,32,0.9997155,30,0.000103826635,0.9996117,0.9997155,0.0032460105
584,78,78,True,78,0.9998178,25,1.44563355e-05,0.9998033,0.9998178,0.0023809727
585,81,81,True,81,0.9996662,82,0.00020723541,0.99945897,0.9996662,0.0035654616
586,35,35,True,35,0.99990857,64,1.5191158e-05,0.99989337,0.99990857,0.0012314868
587,45,45,True,45,0.9997539,12,0.00021548744,0.9995384,0.9997539,0.002473296
588,19,19,True,19,0.9999323,95,3.3451393e-05,0.99989885,0.9999323,0.0008668869
589,43,43,True,43,0.9996797,65,6.613726e-05,0.9996135,0.9996797,0.0038266086
590,16,16,True,16,0.9998412,39,2.6489162e-05,0.99981475,0.9998412,0.0020672893
591,60,60,True,60,0.89076155,12,0.051565308,0.83919626,0.89076155,0.46319753
592,75,75,True,75,0.99992955,76,6.735862e-06,0.9999228,0.99992955,0.00097302266
593,82,82,True,82,0.9997477,46,0.00016020349,0.9995875,0.9997477,0.0027362409
594,27,27,True,27,0.9999453,28,1.3555042e-05,0.99993175,0.9999453,0.00073664234
595,4,4,True,4,0.9999449,68,1.0984722e-05,0.99993396,0.9999449,0.0007631101
596,30,30,True,30,0.99897766,32,0.0008102475,0.9981674,0.99897766,0.009020129
597,55,55,True,55,0.9999268,72,1.412837e-05,0.9999127,0.9999268,0.0009850232
598,37,37,True,37,0.99988246,18,1.8513065e-05,0.9998639,0.99988246,0.0015736169
599,57,57,True,57,0.99959356,64,4.61124e-05,0.9995474,0.99959356,0.0049232226
600,64,64,True,64,0.99996376,57,6.83011e-06,0.9999569,0.99996376,0.00051526236
601,24,24,True,24,0.9998734,8,3.1367195e-05,0.99984205,0.9998734,0.0015979961
602,10,10,True,10,0.9998903,2,2.417716e-05,0.9998661,0.9998903,0.0014540885
603,98,98,True,98,0.99982077,56,8.671495e-05,0.99973404,0.99982077,0.0019996464
604,52,52,True,52,0.99995804,9,1.1951578e-05,0.99994606,0.99995804,0.0005674205
605,4,4,True,4,0.99993336,68,1.3180672e-05,0.9999202,0.99993336,0.0009103325
606,19,19,True,19,0.9999232,95,3.8737024e-05,0.9998845,0.9999232,0.00097351574
607,19,19,True,19,0.9999206,95,4.2950018e-05,0.99987763,0.9999206,0.0009924137
608,39,39,True,39,0.9999591,1,6.9297207e-06,0.9999522,0.9999591,0.0005862356
609,71,71,True,71,0.9998325,13,2.3608683e-05,0.9998089,0.9998325,0.0021736678
610,82,82,True,82,0.9994481,46,0.00038430226,0.9990638,0.9994481,0.005442615
611,7,7,True,7,0.99994075,95,1.1140647e-05,0.9999296,0.99994075,0.00081174093
612,46,46,True,46,0.99987686,12,6.490197e-05,0.99981195,0.99987686,0.0013945719
613,39,39,True,39,0.99994814,1,7.545359e-06,0.9999406,0.99994814,0.0007273018
614,21,21,True,21,0.9999455,17,1.3942899e-05,0.9999316,0.9999455,0.00074134173
615,51,51,True,51,0.99971336,10,3.0746076e-05,0.9996826,0.99971336,0.0035798585
616,53,53,True,53,0.9998944,66,2.6450609e-05,0.9998679,0.9998944,0.0013311702
617,27,27,True,27,0.99995816,28,9.7437e-06,0.99994844,0.99995816,0.0005788031
618,89,89,True,89,0.9999486,46,1.6976319e-05,0.99993163,0.9999486,0.00068339205
619,28,28,True,28,0.99992263,18,2.3199802e-05,0.99989945,0.99992263,0.0009880379
620,26,26,True,26,0.99987125,5,2.213496e-05,0.99984914,0.99987125,0.0016483366
621,79,79,True,79,0.9997117,43,0.00010425825,0.99960744,0.9997117,0.003413038
622,57,57,True,57,0.9996202,48,4.682597e-05,0.99957335,0.9996202,0.0046004923
623,87,87,True,87,0.99994946,99,2.0834683e-05,0.9999286,0.99994946,0.00067511236
624,64,64,True,64,0.9998498,57,2.7997028e-05,0.9998218,0.9998498,0.0019389454
625,14,14,True,14,0.9999428,80,1.053141e-05,0.9999322,0.9999428,0.00078211684
626,33,33,True,33,0.99986243,85,2.6194046e-05,0.99983627,0.99986243,0.0017345182
627,18,18,True,18,0.99995995,41,6.3028524e-06,0.9999536,0.99995995,0.0005586462
628,37,37,True,37,0.99989414,18,1.994223e-05,0.9998742,0.99989414,0.0014180489
629,31,31,True,31,0.9999801,39,4.9003274e-06,0.9999752,0.9999801,0.00029366353
630,10,10,True,10,0.99990475,2,1.9006631e-05,0.99988574,0.99990475,0.0012780684
631,57,57,True,57,0.99965334,85,4.4667664e-05,0.9996087,0.99965334,0.004250297
632,48,48,True,48,0.999864,50,2.8133014e-05,0.99983585,0.999864,0.0017279639
633,90,90,True,90,0.99988115,1,6.689411e-05,0.9998143,0.99988115,0.0014394617
634,46,46,True,46,0.9998869,12,6.939289e-05,0.9998175,0.9998869,0.0012848498
635,63,63,True,63,0.99978656,64,4.5867288e-05,0.99974066,0.99978656,0.0026587665
636,79,79,True,79,0.99984515,43,4.3432963e-05,0.9998017,0.99984515,0.0019672876
637,60,60,True,60,0.9996244,12,0.00010154658,0.9995228,0.9996244,0.0042954776
638,63,63,True,63,0.99986005,64,2.6505935e-05,0.9998335,0.99986005,0.0018206885
639,12,12,True,12,0.9999684,46,1.717692e-05,0.99995124,0.9999684,0.00041202997
640,29,29,True,29,0.9166522,60,0.07241711,0.84423506,0.9166522,0.34305516
641,64,64,True,64,0.9998173,35,3.1170894e-05,0.99978614,0.9998173,0.0023457743
642,48,48,True,48,0.99990606,50,1.5255929e-05,0.9998908,0.99990606,0.0012319972
643,79,79,True,79,0.99991727,43,1.858367e-05,0.9998987,0.99991727,0.0011098102
644,34,34,True,34,0.9998696,94,3.0127732e-05,0.9998395,0.9998696,0.0016496715
645,58,58,True,58,0.9999218,54,1.9070867e-05,0.9999027,0.9999218,0.0010562186
646,68,68,True,68,0.99981314,48,7.294857e-05,0.9997402,0.99981314,0.0022529573
647,98,98,True,98,0.97895724,15,0.01949065,0.9594666,0.97895724,0.110635184
648,27,27,True,27,0.9999361,41,1.5991438e-05,0.9999201,0.9999361,0.0008510656
649,14,14,True,14,0.99995077,80,7.9884785e-06,0.9999428,0.99995077,0.0006801709
650,52,52,True,52,0.99995565,9,1.2397626e-05,0.99994326,0.99995565,0.000598707
651,48,48,True,48,0.99986506,50,2.2188444e-05,0.9998429,0.99986506,0.0017223839
652,73,73,True,73,0.9999144,62,1.0308697e-05,0.9999041,0.9999144,0.00116636
653,75,75,True,75,0.9998951,76,1.0422663e-05,0.99988467,0.9998951,0.0014090048
654,69,69,True,69,0.99986565,75,2.5176094e-05,0.9998405,0.99986565,0.0017249213
655,41,41,True,41,0.9991258,18,0.00050162664,0.99862415,0.9991258,0.008650007
656,53,53,True,53,0.9999244,15,2.202781e-05,0.99990237,0.9999244,0.0009913729
657,25,25,True,25,0.99991226,58,1.34888405e-05,0.9998988,0.99991226,0.001182418
658,7,7,True,7,0.99989474,95,2.0140767e-05,0.9998746,0.99989474,0.001374248
659,93,93,True,93,0.99991834,92,1.9313811e-05,0.999899,0.99991834,0.0010982584
660,67,67,True,67,0.9999037,62,1.1953595e-05,0.9998917,0.9999037,0.0013192788
661,32,32,True,32,0.99984574,46,9.573496e-05,0.99975,0.99984574,0.001752767
662,24,24,True,24,0.9999361,74,1.3347325e-05,0.99992275,0.9999361,0.0008468472
663,51,51,True,51,0.999678,59,3.6775324e-05,0.99964124,0.999678,0.0040073534
664,68,68,True,68,0.99967825,58,7.232923e-05,0.99960595,0.99967825,0.0038482316
665,39,39,True,39,0.9999443,75,7.201095e-06,0.9999371,0.9999443,0.0007706184
666,0,0,True,0,0.9987184,46,0.0010765162,0.99764186,0.9987184,0.010717096
667,91,91,True,91,0.9999819,36,5.14979e-06,0.99997675,0.9999819,0.00026947
668,12,12,True,12,0.99997497,46,1.304037e-05,0.9999619,0.99997497,0.00033318627
669,20,20,True,20,0.9996296,68,0.00013243407,0.9994972,0.9996296,0.0042669494
670,13,13,True,13,0.999897,50,1.605386e-05,0.99988097,0.999897,0.0013653148
671,32,32,True,32,0.9999478,46,1.5040648e-05,0.99993277,0.9999478,0.00067472016
672,19,19,True,19,0.9999362,95,3.260798e-05,0.9999036,0.9999362,0.0008160919
673,6,6,True,6,0.99980015,14,2.7688879e-05,0.9997724,0.99980015,0.0025173877
674,62,62,True,62,0.9999443,15,1.6931494e-05,0.9999274,0.9999443,0.0007468261
675,9,9,True,9,0.99970454,80,6.382056e-05,0.9996407,0.99970454,0.0034675223
676,59,59,True,59,0.99992645,61,9.959847e-06,0.9999165,0.99992645,0.0009978283
677,93,93,True,93,0.99991107,92,1.49385005e-05,0.9998961,0.99991107,0.0011997448
678,47,47,True,47,0.9999267,21,1.0644319e-05,0.999916,0.9999267,0.0010040621
679,69,69,True,69,0.9998603,75,1.930945e-05,0.999841,0.9998603,0.0017955458
680,0,0,True,0,0.9948496,46,0.004942295,0.9899073,0.9948496,0.033506587
681,42,42,True,42,0.9999465,65,1.2623201e-05,0.99993384,0.9999465,0.00072322885
682,89,89,True,89,0.99996054,46,1.25668275e-05,0.99994797,0.99996054,0.0005348384
683,99,99,True,99,0.9999622,87,1.1595654e-05,0.9999506,0.9999622,0.00050502666
684,99,99,True,99,0.9998547,28,9.1628695e-05,0.9997631,0.9998547,0.001658132
685,77,77,True,77,0.99996376,24,7.394412e-06,0.99995637,0.99996376,0.0005183346
686,96,96,True,96,0.9995789,85,6.132013e-05,0.99951756,0.9995789,0.0049196733
687,30,30,True,30,0.99962175,52,0.00020023678,0.99942154,0.99962175,0.0037949693
688,70,70,True,70,0.99989307,74,1.1273701e-05,0.9998818,0.99989307,0.0014553982
689,77,77,True,77,0.99994874,44,6.822144e-06,0.99994195,0.99994874,0.0007175769
690,66,66,True,66,0.9999628,36,7.1377162e-06,0.99995565,0.9999628,0.0005226098
691,53,53,True,53,0.999961,15,1.1748112e-05,0.9999493,0.999961,0.00053976226
692,65,65,True,65,0.99969923,73,3.7740683e-05,0.9996615,0.99969923,0.0036812748
693,61,61,True,61,0.9998729,5,1.610151e-05,0.9998568,0.9998729,0.0016483683
694,65,65,True,65,0.99980694,34,5.0010964e-05,0.99975693,0.99980694,0.0023783424
695,87,87,True,87,0.99994385,99,2.341209e-05,0.9999204,0.99994385,0.0007461254
696,82,82,True,82,0.99978036,46,9.3321476e-05,0.999687,0.99978036,0.0024833868
697,93,93,True,93,0.99988747,70,1.9398422e-05,0.9998681,0.99988747,0.0014908732
698,96,96,True,96,0.9997632,11,2.7103091e-05,0.9997361,0.9997632,0.0029239228
699,84,84,True,84,0.5628876,94,0.43687528,0.12601233,0.5628876,0.6880265
700,73,73,True,73,0.99991643,14,1.3880841e-05,0.99990255,0.99991643,0.0011354367
701,22,23,False,23,0.5099043,22,0.48976773,0.020136595,0.48976773,0.69676054
702,25,25,True,25,0.9999088,58,1.4143321e-05,0.9998947,0.9999088,0.001231612
703,61,61,True,61,0.99979526,5,6.0033348e-05,0.99973524,0.99979526,0.002519226
704,83,83,True,83,0.999648,72,4.624373e-05,0.9996017,0.999648,0.0043432056
705,3,3,True,3,0.9998969,11,1.2573388e-05,0.9998843,0.9998969,0.0013666207
706,42,42,True,42,0.99994695,65,7.4331033e-06,0.9999395,0.99994695,0.00072888174
707,91,91,True,91,0.9999596,36,1.0799283e-05,0.9999488,0.9999596,0.0005663393
708,21,21,True,21,0.9991923,17,0.00028059195,0.9989117,0.9991923,0.008927196
709,88,88,True,88,0.99992883,17,9.95276e-06,0.9999189,0.99992883,0.0009798264
710,13,13,True,13,0.99989474,50,1.42077015e-05,0.99988055,0.99989474,0.0013951479
711,27,27,True,27,0.9998317,28,5.3784468e-05,0.9997779,0.9998317,0.0020787916
712,43,43,True,43,0.9998772,79,1.4557583e-05,0.9998627,0.9998772,0.0016280992
713,97,97,True,97,0.99994767,52,8.560475e-06,0.9999391,0.99994767,0.00071435794
714,71,71,True,71,0.9998436,31,1.5399159e-05,0.9998282,0.9998436,0.0020464817
715,43,43,True,43,0.99987864,79,1.446178e-05,0.99986416,0.99987864,0.0016095355
716,8,8,True,8,0.9998903,97,2.9069619e-05,0.99986124,0.9998903,0.0013687941
717,18,18,True,18,0.99840623,28,0.00071662,0.9976896,0.99840623,0.014587219
718,1,1,True,1,0.9996698,12,0.00018422335,0.99948555,0.9996698,0.0035379536
719,86,86,True,86,0.99986744,66,5.496772e-05,0.9998125,0.99986744,0.0016698424
720,35,35,True,35,0.9999088,64,1.3996063e-05,0.9998948,0.9999088,0.0012291766
721,85,85,True,85,0.99994504,6,8.571604e-06,0.99993646,0.99994504,0.0007571594
722,30,30,True,30,0.99947125,32,0.0003472356,0.999124,0.99947125,0.0052209264
723,95,95,True,95,0.9999542,19,1.0769472e-05,0.99994344,0.9999542,0.00062421535
724,11,11,True,11,0.99990296,2,1.6629818e-05,0.99988633,0.99990296,0.0012908821
725,33,33,True,33,0.99981135,96,3.3358538e-05,0.999778,0.99981135,0.0023364848
726,57,57,True,57,0.9996537,64,4.3715845e-05,0.99961,0.9996537,0.004233465
727,83,83,True,83,0.99993825,88,6.6338816e-06,0.99993163,0.99993825,0.00086397975
728,39,39,True,39,0.9998909,75,1.5188846e-05,0.9998757,0.9998909,0.001439888
729,77,77,True,77,0.99995804,44,6.3395164e-06,0.9999517,0.99995804,0.00059464213
730,66,66,True,66,0.99989736,36,1.717316e-05,0.9998802,0.99989736,0.0013381471
731,90,90,True,90,0.9999201,1,5.1612493e-05,0.9998685,0.9999201,0.00096688815
732,94,84,False,84,0.55824447,94,0.44156057,0.1166839,0.44156057,0.68868566
733,50,50,True,50,0.99981254,48,3.1411477e-05,0.99978113,0.99981254,0.0023838053
734,36,36,True,36,0.9999193,66,2.2186028e-05,0.9998971,0.9999193,0.0010319252
735,15,15,True,15,0.92626727,84,0.020574713,0.9056926,0.92626727,0.4385317
736,23,23,True,23,0.5597206,22,0.4399779,0.11974266,0.5597206,0.68941545
737,66,66,True,66,0.9999573,36,7.3824285e-06,0.99994993,0.9999573,0.0005934444
738,71,71,True,71,0.999866,13,1.7326383e-05,0.99984866,0.999866,0.0017595689
739,64,64,True,64,0.999936,57,1.0767797e-05,0.9999252,0.999936,0.00088009017
740,55,55,True,55,0.99994624,48,1.3847842e-05,0.9999324,0.99994624,0.0007375206
741,95,95,True,95,0.9999635,15,1.2569382e-05,0.99995095,0.9999635,0.00049308524
742,81,81,True,81,0.9988024,82,0.0010531994,0.9977492,0.9988024,0.010132171
743,71,71,True,71,0.9999045,13,1.475661e-05,0.99988973,0.9999045,0.0012820135
744,47,47,True,47,0.99981874,23,2.6297848e-05,0.99979246,0.99981874,0.0023091317
745,35,35,True,35,0.9999223,64,1.4103536e-05,0.99990815,0.9999223,0.0010556787
746,95,95,True,95,0.99991786,19,4.7087815e-05,0.9998708,0.99991786,0.0010042479
747,55,55,True,55,0.99993014,48,1.5391093e-05,0.99991477,0.99993014,0.00094946666
748,83,83,True,83,0.99990475,81,1.2378413e-05,0.99989235,0.99990475,0.0012969391
749,33,33,True,33,0.999821,85,3.7070222e-05,0.99978393,0.999821,0.0022198875
750,5,5,True,5,0.9998703,26,3.1852946e-05,0.9998385,0.9998703,0.0016676917
751,25,25,True,25,0.9998987,58,1.484375e-05,0.99988383,0.9998987,0.001359911
752,14,14,True,14,0.99994063,80,9.925549e-06,0.9999307,0.99994063,0.0008092226
753,81,81,True,81,0.9991233,82,0.00071830745,0.998405,0.9991233,0.007931023
754,7,7,True,7,0.9999442,95,1.0811082e-05,0.9999334,0.9999442,0.00077451847
755,35,35,True,35,0.9998735,64,1.9054567e-05,0.99985445,0.9998735,0.0016712269
756,85,85,True,85,0.9999254,6,1.4680976e-05,0.9999107,0.9999254,0.0010025661
757,28,28,True,28,0.250782,99,0.24618594,0.0045960695,0.250782,2.0826015
758,25,25,True,25,0.99979204,78,3.934199e-05,0.9997527,0.99979204,0.0026346757
759,3,3,True,3,0.99987125,0,2.4745244e-05,0.9998465,0.99987125,0.0016908036
760,57,57,True,57,0.9995567,85,4.2114883e-05,0.9995146,0.9995567,0.00534265
761,48,48,True,48,0.9997373,55,0.000113163376,0.99962413,0.9997373,0.003012011
762,56,56,True,56,0.9826917,98,0.01671037,0.96598136,0.9826917,0.091918774
763,79,79,True,79,0.99991274,43,1.7171917e-05,0.9998956,0.99991274,0.0011698173
764,94,84,False,84,0.5230017,94,0.47681102,0.04619065,0.47681102,0.69435245
765,81,81,True,81,0.9995691,82,0.00029017896,0.99927896,0.9995691,0.004412244
766,66,66,True,66,0.99996805,36,6.106863e-06,0.999962,0.99996805,0.00045340118
767,44,44,True,44,0.9998795,77,2.200421e-05,0.9998575,0.9998795,0.0015357473
768,46,46,True,46,0.9998938,12,6.956883e-05,0.9998242,0.9998938,0.0012058002
769,6,6,True,6,0.99979967,88,2.1435979e-05,0.9997782,0.99979967,0.00253704
770,19,19,True,19,0.9999391,95,3.0039593e-05,0.99990904,0.9999391,0.000785529
771,95,95,True,95,0.999956,19,9.3753115e-06,0.99994665,0.999956,0.0006035816
772,82,82,True,82,0.9994288,81,0.00039397806,0.9990348,0.9994288,0.005617215
773,86,86,True,86,0.999813,66,5.256774e-05,0.99976045,0.999813,0.0023575502
774,69,69,True,69,0.99987423,75,1.926855e-05,0.999855,0.99987423,0.0016277345
775,25,25,True,25,0.9998925,78,1.5318557e-05,0.99987715,0.9998925,0.0014374162
776,51,51,True,51,0.9996569,59,3.2567987e-05,0.9996244,0.9996569,0.004231729
777,45,45,True,45,0.99973947,12,0.00023803402,0.9995014,0.99973947,0.002553779
778,25,25,True,25,0.99989927,11,1.4282703e-05,0.99988496,0.99989927,0.0013524586
779,20,20,True,20,0.9998535,68,5.292643e-05,0.99980056,0.9998535,0.0018172413
780,36,36,True,36,0.9999007,66,2.6516493e-05,0.9998742,0.9999007,0.0012537582
781,77,77,True,77,0.9999604,24,8.262459e-06,0.99995214,0.9999604,0.0005608236
782,8,8,True,8,0.99988234,97,3.3412613e-05,0.9998489,0.99988234,0.0014566515
783,50,50,True,50,0.9998951,48,1.493775e-05,0.99988014,0.9998951,0.0014016321
784,83,83,True,83,0.99983656,13,1.4812483e-05,0.9998217,0.99983656,0.0021298032
785,59,59,True,59,0.99993944,61,7.688836e-06,0.99993175,0.99993944,0.0008375158
786,37,37,True,37,0.9999356,18,1.34862485e-05,0.99992216,0.9999356,0.0008989653
787,32,32,True,32,0.99969745,30,0.0001556442,0.9995418,0.99969745,0.0032829572
788,69,69,True,69,0.9998822,75,1.5655247e-05,0.99986655,0.9998822,0.001535904
789,50,50,True,50,0.99978274,48,4.281079e-05,0.99973994,0.99978274,0.0027280445
790,17,17,True,17,0.99988127,26,1.607708e-05,0.9998652,0.99988127,0.0015366876
791,43,43,True,43,0.99976546,35,2.7290936e-05,0.99973816,0.99976546,0.0029311173
792,92,92,True,92,0.99975497,90,8.8181114e-05,0.9996668,0.99975497,0.0028894118
793,34,34,True,34,0.99975175,87,6.729461e-05,0.99968445,0.99975175,0.0029688105
794,55,55,True,55,0.9998988,48,3.965755e-05,0.99985915,0.9998988,0.0013038059
795,76,76,True,76,0.9999627,84,9.718037e-06,0.999953,0.9999627,0.0005205698
796,17,17,True,17,0.9998172,21,3.1269563e-05,0.9997859,0.9998172,0.0022768846
797,20,20,True,20,0.9998623,68,4.3933374e-05,0.9998184,0.9998623,0.0017234839
798,52,52,True,52,0.9999558,9,1.1233377e-05,0.99994457,0.9999558,0.00059946795
799,16,16,True,16,0.99983513,39,2.9069344e-05,0.99980605,0.99983513,0.0021414696
800,30,30,True,30,0.9998512,52,6.168393e-05,0.99978954,0.9998512,0.001686636
801,59,59,True,59,0.99994695,61,7.1387467e-06,0.9999398,0.99994695,0.0007365912
802,98,98,True,98,0.99909437,56,0.00048021556,0.99861413,0.99909437,0.008524815
803,67,67,True,67,0.99990284,62,1.8533774e-05,0.9998843,0.99990284,0.0013140397
804,51,51,True,51,0.99973994,10,2.8935203e-05,0.99971104,0.99973994,0.0032724773
805,31,31,True,31,0.99997914,97,4.401443e-06,0.9999747,0.99997914,0.0003078782
806,24,24,True,24,0.99991775,74,1.8299335e-05,0.99989945,0.99991775,0.0010686868
807,86,86,True,86,0.99979824,66,8.6923385e-05,0.99971133,0.99979824,0.0024553966
808,92,92,True,92,0.9997516,90,8.66135e-05,0.999665,0.9997516,0.0029437542
809,91,91,True,91,0.99996567,36,1.042306e-05,0.99995524,0.99996567,0.00048569028
810,33,33,True,33,0.99982566,85,4.2744046e-05,0.9997829,0.99982566,0.0021474836
811,13,13,True,13,0.99989676,50,1.4809095e-05,0.999882,0.99989676,0.0013673195
812,26,26,True,26,0.9998803,42,1.9948193e-05,0.99986035,0.9998803,0.001539477
813,50,50,True,50,0.99988806,48,1.778563e-05,0.9998703,0.99988806,0.0014824062
814,56,56,True,56,0.9998683,18,5.9949907e-05,0.9998083,0.9998683,0.0016045236
815,17,17,True,17,0.9998795,26,2.0514912e-05,0.999859,0.9998795,0.0015532537
816,16,16,True,16,0.99975723,50,3.2806965e-05,0.99972445,0.99975723,0.0030674539
817,86,86,True,86,0.99980444,66,6.4380445e-05,0.99974006,0.99980444,0.002427232
818,36,36,True,36,0.9998845,66,3.3722274e-05,0.99985075,0.9998845,0.0014391891
819,40,40,True,40,0.9994116,18,0.00017811643,0.9992335,0.9994116,0.0062965266
820,49,49,True,49,0.999567,9,0.0001513582,0.99941564,0.999567,0.0049257977
821,34,34,True,34,0.9999398,87,1.2395869e-05,0.9999274,0.9999398,0.00081237435
822,76,76,True,76,0.9999013,84,2.4682917e-05,0.9998766,0.9999013,0.0012705245
823,40,40,True,40,0.99976176,18,5.341121e-05,0.99970835,0.99976176,0.0028549866
824,95,95,True,95,0.9999608,19,9.412319e-06,0.99995136,0.9999608,0.0005408247
825,79,79,True,79,0.9997856,43,6.0801038e-05,0.9997248,0.9997856,0.0026452618
826,30,30,True,30,0.99935514,52,0.00031093397,0.9990442,0.99935514,0.0063985423
827,46,46,True,46,0.99988127,12,7.4978605e-05,0.9998063,0.99988127,0.0013384577
828,18,18,True,18,0.99990296,27,3.9206607e-05,0.99986374,0.99990296,0.0012065336
829,21,21,True,21,0.9999465,17,1.6057258e-05,0.99993044,0.9999465,0.0007258578
830,14,14,True,14,0.999943,80,7.972791e-06,0.99993503,0.999943,0.00077845715
831,74,74,True,74,0.9997408,8,4.37134e-05,0.9996971,0.9997408,0.0031667002
832,54,54,True,54,0.9998684,16,1.3799582e-05,0.99985456,0.9998684,0.0017332908
833,85,85,True,85,0.9999368,6,9.906835e-06,0.9999269,0.9999368,0.00086672977
834,2,2,True,2,0.99989974,54,3.8022805e-05,0.9998617,0.99989974,0.0012822242
835,32,32,True,32,0.9997676,30,9.3700546e-05,0.9996739,0.9997676,0.0026762343
836,78,78,True,78,0.9997956,9,1.6855467e-05,0.99977875,0.9997956,0.002634555
837,8,8,True,8,0.99987924,97,3.1774744e-05,0.9998475,0.99987924,0.0014961518
838,99,99,True,99,0.9999074,91,2.6452994e-05,0.9998809,0.9999074,0.0011742746
839,23,22,False,22,0.56253433,23,0.43709564,0.12543869,0.43709564,0.68952966
840,95,95,True,95,0.9998273,19,0.000115947696,0.9997114,0.9998273,0.0019413137
841,43,43,True,43,0.99988294,79,1.4233627e-05,0.9998687,0.99988294,0.0015546067
842,82,82,True,82,0.99969804,46,0.00015417891,0.99954385,0.99969804,0.0033017427
843,18,18,True,18,0.9999503,41,9.68426e-06,0.99994063,0.9999503,0.0006741634
844,43,43,True,43,0.99988425,79,1.5038099e-05,0.9998692,0.99988425,0.0015411329
845,26,26,True,26,0.9998741,42,2.0309952e-05,0.9998538,0.9998741,0.0016142298
846,9,9,True,9,0.99975413,80,5.525285e-05,0.9996989,0.99975413,0.0029159782
847,18,18,True,18,0.9995888,27,6.8166155e-05,0.9995206,0.9995888,0.004752965
848,47,47,True,47,0.99992275,21,1.05126965e-05,0.99991226,0.99992275,0.0010492889
849,73,73,True,73,0.99988425,11,1.3474345e-05,0.9998708,0.99988425,0.0015369356
850,67,67,True,67,0.9999095,62,2.0438156e-05,0.9998891,0.9999095,0.0012217357
851,21,21,True,21,0.9996841,47,9.4324496e-05,0.99958974,0.9996841,0.0037516467
852,32,32,True,32,0.9978078,46,0.0016126285,0.9961952,0.9978078,0.018594183
853,22,23,False,23,0.5592075,22,0.44053817,0.11866933,0.44053817,0.6891079
854,85,85,True,85,0.99992645,6,1.3683693e-05,0.99991274,0.99992645,0.0009888269
855,15,15,True,15,0.9997322,98,0.00019825643,0.99953395,0.9997322,0.002775385
856,30,30,True,30,0.99813193,32,0.0016325412,0.9964994,0.99813193,0.014841463
857,28,28,True,28,0.9999354,18,3.0339193e-05,0.99990505,0.9999354,0.00081555435
858,81,81,True,81,0.9995907,82,0.00028044853,0.99931026,0.9995907,0.0042110486
859,10,10,True,10,0.9998702,2,2.3200666e-05,0.999847,0.9998702,0.0017076853
860,91,91,True,91,0.99995935,36,1.0878668e-05,0.99994844,0.99995935,0.0005723329
861,74,74,True,74,0.9998951,8,1.3807402e-05,0.99988127,0.9998951,0.0013743814
862,36,36,True,36,0.9998965,66,2.58455e-05,0.99987066,0.9998965,0.0012974424
863,83,83,True,83,0.99980503,81,1.9867146e-05,0.9997852,0.99980503,0.0025092266
864,4,4,True,4,0.9999249,68,1.1784538e-05,0.9999131,0.9999249,0.0010230896
865,46,46,True,46,0.99985623,12,9.344978e-05,0.9997628,0.99985623,0.0015892921
866,87,87,True,87,0.9998939,99,2.1094871e-05,0.9998728,0.9998939,0.0013716846
867,86,86,True,86,0.9996383,66,0.00012906347,0.9995093,0.9996383,0.0042603374
868,98,98,True,98,0.99968183,15,0.0001542545,0.9995276,0.99968183,0.0033996818
869,65,65,True,65,0.99942636,42,0.0002889339,0.9991374,0.99942636,0.00610464
870,11,11,True,11,0.9999219,2,1.3304284e-05,0.9999086,0.9999219,0.0010564321
871,54,54,True,54,0.9998894,16,1.1414287e-05,0.999878,0.9998894,0.0014727078
872,63,63,True,63,0.9999124,64,1.3453666e-05,0.9998989,0.9999124,0.0011865277
873,20,20,True,20,0.99934834,96,0.00015934504,0.999189,0.99934834,0.007225238
874,95,95,True,95,0.99995184,19,1.0456657e-05,0.9999414,0.99995184,0.0006575209
875,0,0,True,0,0.99884355,46,0.0009833283,0.9978602,0.99884355,0.0097661335
876,13,13,True,13,0.9999006,50,1.31380975e-05,0.99988747,0.9999006,0.001321799
877,20,20,True,20,0.99987566,68,3.923512e-05,0.99983644,0.99987566,0.0015655062
878,58,58,True,58,0.99989617,54,2.3568433e-05,0.9998726,0.99989617,0.0013686741
879,77,77,True,77,0.99995935,24,5.932792e-06,0.9999534,0.99995935,0.0005798897
880,13,13,True,13,0.9998834,50,1.7270198e-05,0.9998661,0.9998834,0.0015308812
881,13,13,True,13,0.999892,50,1.6045222e-05,0.99987596,0.999892,0.0014271673
882,64,64,True,64,0.9997236,35,5.2630356e-05,0.999671,0.9997236,0.0034281886
883,90,90,True,90,0.99993336,1,3.5777393e-05,0.9998976,0.99993336,0.0008448984
884,71,71,True,71,0.99989486,13,1.6410066e-05,0.99987847,0.99989486,0.0013985925
885,38,38,True,38,0.99995697,66,9.269425e-06,0.99994767,0.99995697,0.0005920999
886,83,83,True,83,0.9999491,10,6.6875014e-06,0.9999424,0.9999491,0.0007237536
887,36,36,True,36,0.999884,66,3.0599636e-05,0.99985343,0.999884,0.0014482323
888,46,46,True,46,0.99937797,12,0.0003477085,0.99903023,0.99937797,0.006013973
889,85,85,True,85,0.99978334,79,8.232185e-05,0.999701,0.99978334,0.0025868437
890,35,35,True,35,0.99991393,64,1.4128539e-05,0.9998998,0.99991393,0.0011624983
891,71,71,True,71,0.99984825,31,1.7381535e-05,0.99983084,0.99984825,0.0019846908
892,12,12,True,12,0.999964,46,1.517361e-05,0.9999488,0.999964,0.00047227455
893,79,79,True,79,0.99991393,43,1.8815186e-05,0.9998951,0.99991393,0.0011553724
894,29,29,True,29,0.9961383,60,0.0028149588,0.9933233,0.9961383,0.03114845
895,59,59,True,59,0.9999267,61,1.1984062e-05,0.9999147,0.9999267,0.0009940527
896,33,33,True,33,0.99981433,85,4.0411982e-05,0.9997739,0.99981433,0.0022964142
897,55,55,True,55,0.99992657,48,1.5826476e-05,0.9999107,0.99992657,0.0009904755
898,46,46,True,46,0.9998857,12,7.700461e-05,0.99980867,0.9998857,0.0012848233
899,72,72,True,72,0.9999081,32,2.9729643e-05,0.99987835,0.9999081,0.001175561
900,60,60,True,60,0.999616,12,0.00011829833,0.9994977,0.999616,0.0043378514
901,48,48,True,48,0.9997367,55,0.00012690271,0.9996098,0.9997367,0.0029961572
902,4,4,True,4,0.9999399,68,1.1246952e-05,0.99992865,0.9999399,0.00082545955
903,28,28,True,28,0.999894,18,5.069613e-05,0.9998433,0.999894,0.0012800616
904,88,88,True,88,0.99992776,17,9.040941e-06,0.9999187,0.99992776,0.0009959941
905,1,1,True,1,0.9999082,28,2.8670533e-05,0.99987954,0.9999082,0.0011610009
906,94,84,False,84,0.52481484,94,0.47501552,0.049799323,0.47501552,0.6939931
907,56,56,True,56,0.9999101,98,4.508964e-05,0.99986506,0.9999101,0.0011225181
908,96,96,True,96,0.9998424,33,1.7867795e-05,0.9998245,0.9998424,0.0020159811
909,19,19,True,19,0.99994445,95,2.4767573e-05,0.99991965,0.99994445,0.0007205632
910,31,31,True,31,0.99984384,97,2.6680062e-05,0.99981713,0.99984384,0.0019978676
911,97,97,True,97,0.9999769,8,4.605955e-06,0.9999723,0.9999769,0.00033532822
912,92,92,True,92,0.99986744,90,5.1261355e-05,0.9998162,0.99986744,0.0016357634
913,70,70,True,70,0.9998969,74,1.2424178e-05,0.9998845,0.9998969,0.0013998934
914,61,61,True,61,0.99985695,58,2.3291028e-05,0.99983364,0.99985695,0.0018375285
915,80,29,False,29,0.73121244,60,0.2547353,0.47647715,0.005474071,0.66913944
916,28,28,True,28,0.99995565,18,1.6684324e-05,0.99993896,0.99995565,0.0005931135
917,79,79,True,79,0.99991286,43,1.9342016e-05,0.9998935,0.99991286,0.0011657652
918,16,16,True,16,0.99964595,65,6.79493e-05,0.999578,0.99964595,0.004299741
919,34,34,True,34,0.9911391,98,0.00511493,0.9860242,0.9911391,0.06610912
920,55,55,True,55,0.999923,48,1.7286107e-05,0.9999057,0.999923,0.0010348845
921,39,39,True,39,0.99995434,1,6.668806e-06,0.99994767,0.99995434,0.0006460532
922,61,61,True,61,0.9998909,58,1.6221991e-05,0.9998747,0.9998909,0.0014341945
923,71,71,True,71,0.9998822,13,1.5725785e-05,0.9998665,0.9998822,0.0015615061
924,52,52,True,52,0.99993706,9,2.0715568e-05,0.9999163,0.99993706,0.00082182226
925,97,97,True,97,0.99998844,8,2.234334e-06,0.99998623,0.99998844,0.00017771544
926,6,6,True,6,0.9998468,43,2.1432046e-05,0.99982536,0.9998468,0.0019763475
927,89,89,True,89,0.9999701,46,9.221802e-06,0.99996084,0.9999701,0.0004136703
928,99,99,True,99,0.9998635,28,3.2872093e-05,0.9998306,0.9998635,0.001702674
929,32,32,True,32,0.99995315,46,1.7376511e-05,0.99993575,0.99995315,0.00060582254
930,34,34,True,34,0.9999491,87,1.1334911e-05,0.9999378,0.9999491,0.00070035155
931,63,63,True,63,0.99990845,64,1.3972464e-05,0.9998945,0.99990845,0.0012342245
932,69,69,True,69,0.9998882,75,1.3855664e-05,0.99987435,0.9998882,0.0014623778
933,91,91,True,91,0.9999603,36,1.1741653e-05,0.99994856,0.9999603,0.0005560002
934,48,48,True,48,0.99975306,55,0.00013796418,0.9996151,0.99975306,0.0027699824
935,1,1,True,1,0.9999001,28,3.34198e-05,0.99986666,0.9999001,0.0012557203
936,49,49,True,49,0.9995048,9,0.00014459,0.9993602,0.9995048,0.0056447485
937,31,31,True,31,0.99996996,97,7.214601e-06,0.99996275,0.99996996,0.0004350564
938,67,67,True,67,0.9999093,62,1.2751443e-05,0.9998965,0.9999093,0.0012437052
939,19,19,True,19,0.999944,95,2.2359989e-05,0.9999216,0.999944,0.0007380602
940,22,23,False,23,0.6301602,22,0.36957973,0.26058048,0.36957973,0.66185635
941,41,41,True,41,0.99993265,28,1.41394385e-05,0.9999185,0.99993265,0.00088718074
942,66,66,True,66,0.9999614,36,5.686883e-06,0.9999557,0.9999614,0.0005421117
943,96,96,True,96,0.9997923,33,3.433009e-05,0.99975795,0.9997923,0.0025596607
944,75,75,True,75,0.99971384,66,0.000102531936,0.9996113,0.99971384,0.003252476
945,38,38,True,38,0.9999391,74,1.3566674e-05,0.9999255,0.9999391,0.00081624114
946,65,65,True,65,0.99987817,34,2.9326637e-05,0.99984884,0.99987817,0.0015636968
947,82,82,True,82,0.999765,46,0.00014381259,0.99962115,0.999765,0.0025761824
948,97,97,True,97,0.9999769,89,5.194447e-06,0.9999717,0.9999769,0.00033561792
949,42,42,True,42,0.9999492,65,7.742819e-06,0.99994147,0.9999492,0.0007004752
950,45,45,True,45,0.99972206,12,0.00024323902,0.9994788,0.99972206,0.0027597249
951,75,75,True,75,0.9997336,36,6.711464e-05,0.9996665,0.9997336,0.0031098668
952,73,73,True,73,0.99990094,62,1.24270955e-05,0.99988854,0.99990094,0.0013382997
953,21,21,True,21,0.9999347,17,1.8557712e-05,0.99991614,0.9999347,0.0008795602
954,48,48,True,48,0.99990666,50,1.8477582e-05,0.9998882,0.99990666,0.001220819
955,78,78,True,78,0.99975353,80,1.8303328e-05,0.99973524,0.99975353,0.0031560385
956,15,15,True,15,0.9999249,98,3.1127547e-05,0.9998938,0.9999249,0.0009555938
957,68,68,True,68,0.9999,48,2.8863184e-05,0.99987113,0.9999,0.0012908668
958,27,28,False,28,0.652496,18,0.19915351,0.45334247,0.121865146,1.0252227
959,28,28,True,28,0.9999491,18,2.010471e-05,0.999929,0.9999491,0.000666507
960,88,88,True,88,0.9999074,6,1.3388859e-05,0.99989396,0.9999074,0.0012509874
961,58,58,True,58,0.99991953,54,1.40060265e-05,0.9999055,0.99991953,0.0010922329
962,52,52,True,52,0.9999434,9,1.5306765e-05,0.99992806,0.9999434,0.0007537699
963,66,66,True,66,0.99995136,36,1.0377554e-05,0.999941,0.99995136,0.0006690178
964,34,34,True,34,0.9999156,87,1.8875442e-05,0.9998967,0.9999156,0.0011143046
965,6,6,True,6,0.9998857,85,1.414259e-05,0.99987155,0.9998857,0.0015016195
966,90,90,True,90,0.9997106,1,0.00013211062,0.99957854,0.9997106,0.0033573587
967,67,67,True,67,0.9999349,62,1.1938782e-05,0.999923,0.9999349,0.0009059862
968,67,67,True,67,0.9999248,62,1.3964767e-05,0.99991083,0.9999248,0.0010366259
969,91,91,True,91,0.99996114,36,1.5474106e-05,0.99994564,0.99996114,0.000528572
970,88,88,True,88,0.99990857,6,1.301853e-05,0.9998956,0.99990857,0.0012328965
971,32,32,True,32,0.99938345,46,0.00023100099,0.9991524,0.99938345,0.006489572
972,74,74,True,74,0.99991155,82,1.2307187e-05,0.99989927,0.99991155,0.0011766971
973,58,58,True,58,0.9999484,54,8.302604e-06,0.9999401,0.9999484,0.0007211475
974,49,49,True,49,0.99965703,9,0.000110148874,0.9995469,0.99965703,0.003984239
975,0,0,True,0,0.970597,46,0.029091002,0.941506,0.970597,0.13492665
976,78,78,True,78,0.9997826,80,1.8655564e-05,0.99976397,0.9997826,0.0028026174
977,86,86,True,86,0.9997831,66,8.101587e-05,0.9997021,0.9997831,0.0026526446
978,15,15,True,15,0.9985557,98,0.0011737926,0.9973819,0.9985557,0.012311481
979,34,34,True,34,0.9998934,87,2.0681875e-05,0.99987274,0.9998934,0.0013828782
980,31,31,True,31,0.99997926,97,4.63813e-06,0.9999746,0.99997926,0.00030521638
981,45,45,True,45,0.9997069,12,0.0002713784,0.99943554,0.9997069,0.002816775
982,1,1,True,1,0.9998964,28,3.1004274e-05,0.9998654,0.9998964,0.0013023751
983,80,29,False,29,0.79166424,60,0.19508807,0.59657615,0.0053238673,0.59074855
984,33,33,True,33,0.99991965,3,1.3483344e-05,0.9999062,0.99991965,0.0010663565
985,70,70,True,70,0.99923146,93,0.000107197375,0.9991243,0.99923146,0.008797718
986,40,40,True,40,0.9995179,36,0.000127725,0.9993902,0.9995179,0.0053954753
987,80,80,True,80,0.999637,14,8.093986e-05,0.99955606,0.999637,0.004277592
988,38,38,True,38,0.99996495,66,9.565414e-06,0.9999554,0.99996495,0.00048796323
989,5,5,True,5,0.99990547,26,2.77417e-05,0.99987775,0.99990547,0.0012307221
990,14,14,True,14,0.9999453,80,9.701487e-06,0.99993557,0.9999453,0.00075002556
991,29,29,True,29,0.91989934,60,0.06933296,0.8505664,0.91989934,0.33414558
992,6,6,True,6,0.99988854,85,2.0910227e-05,0.9998676,0.99988854,0.0014576587
993,52,52,True,52,0.999954,9,1.1694441e-05,0.9999423,0.999954,0.00062276836
994,86,86,True,86,0.99966764,66,0.00014328262,0.99952435,0.99966764,0.003869499
995,5,5,True,5,0.99987984,26,3.2965585e-05,0.9998469,0.99987984,0.0015364744
996,12,12,True,12,0.9995902,46,0.00027385124,0.9993164,0.9995902,0.004196111
997,26,26,True,26,0.9998735,42,2.2475826e-05,0.99985105,0.9998735,0.0016171235
998,42,42,True,42,0.99992967,65,1.20583745e-05,0.9999176,0.99992967,0.0009533634
999,61,61,True,61,0.99917454,5,0.000353866,0.99882066,0.99917454,0.008815656
