class,support,accuracy,mean_top1_prob,median_top1_prob,mean_true_class_prob,median_true_class_prob,mean_margin,median_margin,mean_entropy,median_entropy
0,10,1.0,0.995217502117157,0.9986453056335449,0.995217502117157,0.9986453056335449,0.9906398057937622,0.9974747896194458,0.027194807305932045,0.011112882755696774
1,10,1.0,0.9998610615730286,0.9998961687088013,0.9998610615730286,0.9998961687088013,0.9998054504394531,0.9998645782470703,0.0016526859253644943,0.001306302030570805
2,10,1.0,0.9998644590377808,0.9998568892478943,0.9998644590377808,0.9998568892478943,0.9998245239257812,0.999817967414856,0.0017167789628729224,0.0018119803862646222
3,10,1.0,0.9998483657836914,0.999862015247345,0.9998483657836914,0.999862015247345,0.9998234510421753,0.9998412728309631,0.0019596607889980078,0.001796820550225675
4,10,1.0,0.9999260902404785,0.9999407529830933,0.9999260902404785,0.9999407529830933,0.9999133348464966,0.9999295473098755,0.0009997913148254156,0.0008155415998771787
5,10,1.0,0.9998787641525269,0.999875009059906,0.9998787641525269,0.999875009059906,0.999847412109375,0.9998444318771362,0.001560388715006411,0.0016093103913590312
6,10,1.0,0.9998343586921692,0.9998418092727661,0.9998343586921692,0.9998418092727661,0.9998120069503784,0.9998221397399902,0.002108993474394083,0.002038533566519618
7,10,1.0,0.999900221824646,0.9999424815177917,0.999900221824646,0.9999424815177917,0.9998779296875,0.9999315142631531,0.0012714258627966046,0.0007931296713650227
8,10,1.0,0.9998821020126343,0.9998862147331238,0.9998821020126343,0.9998862147331238,0.999848484992981,0.9998534321784973,0.0014592909719794989,0.0014146321918815374
9,10,1.0,0.9997258186340332,0.9997458457946777,0.9997258186340332,0.9997458457946777,0.9996438026428223,0.9996770620346069,0.0031789629720151424,0.0029984288848936558
10,10,1.0,0.9998650550842285,0.9998725652694702,0.9998650550842285,0.9998725652694702,0.9998373985290527,0.9998507499694824,0.0017604358727112412,0.0016776402480900288
11,10,1.0,0.9999052882194519,0.9999136924743652,0.9999052882194519,0.9999136924743652,0.999889075756073,0.9998993873596191,0.0012536951107904315,0.0011563480366021395
12,10,1.0,0.9999024271965027,0.9999692440032959,0.9999024271965027,0.9999692440032959,0.9998462796211243,0.9999537467956543,0.0010875811567530036,0.0004040973144583404
13,10,1.0,0.9998918771743774,0.9998950958251953,0.9998918771743774,0.9998950958251953,0.9998760223388672,0.999879777431488,0.0014280615141615272,0.0013889208203181624
14,10,1.0,0.9999439120292664,0.9999428987503052,0.9999439120292664,0.9999428987503052,0.9999344944953918,0.9999338388442993,0.0007679637637920678,0.0007802869658917189
15,10,1.0,0.9534395337104797,0.9997947216033936,0.9534395337104797,0.9997947216033936,0.9207914471626282,0.9996860027313232,0.1552194058895111,0.0022253168281167746
16,10,1.0,0.9997914433479309,0.9998015761375427,0.9997914433479309,0.9998015761375427,0.9997585415840149,0.9997748136520386,0.0026557291857898235,0.0025503854267299175
17,10,1.0,0.999853789806366,0.9998648762702942,0.999853789806366,0.9998648762702942,0.9998285174369812,0.9998407959938049,0.0018538316944614053,0.0017260045278817415
18,10,1.0,0.9996871948242188,0.9999184608459473,0.9996871948242188,0.9999184608459473,0.999576210975647,0.9998920559883118,0.003253770526498556,0.001046876423060894
19,10,1.0,0.9999362230300903,0.9999356865882874,0.9999362230300903,0.9999356865882874,0.999904453754425,0.9999030828475952,0.0008170180954039097,0.0008235220448113978
20,10,1.0,0.9997394680976868,0.9998290538787842,0.9997394680976868,0.9998290538787842,0.9996650815010071,0.99976646900177,0.0030594575218856335,0.0020897681824862957
21,10,1.0,0.9998350143432617,0.9999301433563232,0.9998350143432617,0.9999301433563232,0.9997832179069519,0.9999107718467712,0.0019710834603756666,0.0009302787948399782
22,10,0.3,0.557128369808197,0.548973560333252,0.49473080039024353,0.4907258152961731,0.11464576423168182,0.09826260805130005,0.6853886246681213,0.6919434070587158
23,10,0.4,0.5543809533119202,0.5611274242401123,0.4978850781917572,0.4821333587169647,0.10911359637975693,0.12259067595005035,0.6897175908088684,0.6894725561141968
24,10,1.0,0.9999245405197144,0.9999293088912964,0.9999245405197144,0.9999293088912964,0.9999073147773743,0.999913215637207,0.000986580504104495,0.0009275937918573618
25,10,1.0,0.9998856782913208,0.999898374080658,0.9998856782913208,0.999898374080658,0.9998677968978882,0.999881386756897,0.0015115999849513173,0.001360057620331645
26,10,1.0,0.9998565912246704,0.9998723864555359,0.9998565912246704,0.9998723864555359,0.9998306035995483,0.9998500943183899,0.0018147813389077783,0.0016327300108969212
27,10,0.9,0.9650127291679382,0.9999348521232605,0.911949634552002,0.9999348521232605,0.9450147747993469,0.9999195337295532,0.10503704845905304,0.0008698830497451127
28,10,1.0,0.9248465299606323,0.9999239444732666,0.9248465299606323,0.9999239444732666,0.9001588821411133,0.9998981952667236,0.21070042252540588,0.0009589607361704111
29,10,1.0,0.9322572946548462,0.9216004610061646,0.9322572946548462,0.9216004610061646,0.8735004663467407,0.8539035320281982,0.281477153301239,0.3294413685798645
30,10,1.0,0.9993488192558289,0.9994131922721863,0.9993488192558289,0.9994131922721863,0.998884379863739,0.9990841150283813,0.005923443008214235,0.00580973457545042
31,10,1.0,0.9999496340751648,0.9999791979789734,0.9999496340751648,0.9999791979789734,0.9999402761459351,0.9999746680259705,0.0006813105428591371,0.0003065472701564431
32,10,1.0,0.9994842410087585,0.999706506729126,0.9994842410087585,0.999706506729126,0.9991753697395325,0.99957674741745,0.004997999407351017,0.0032644839957356453
33,10,1.0,0.9998586773872375,0.9998582601547241,0.9998586773872375,0.9998582601547241,0.9998308420181274,0.9998311996459961,0.001782426261343062,0.0017909943126142025
34,10,1.0,0.9990188479423523,0.9999045133590698,0.9990188479423523,0.9999045133590698,0.9984865188598633,0.9998847246170044,0.00782531127333641,0.0012485913466662169
35,10,1.0,0.9998990893363953,0.9999116063117981,0.9998990893363953,0.9999116063117981,0.9998823404312134,0.9998953342437744,0.0013445238582789898,0.001188978785648942
36,10,1.0,0.9998822212219238,0.9998890161514282,0.9998822212219238,0.9998890161514282,0.999849796295166,0.9998587369918823,0.0014604870229959488,0.0013898017350584269
37,10,1.0,0.9999309778213501,0.9999365210533142,0.9999309778213501,0.9999365210533142,0.9999171495437622,0.9999220371246338,0.0009499866282567382,0.0008828964782878757
38,10,1.0,0.999958336353302,0.999959409236908,0.999958336353302,0.999959409236908,0.9999481439590454,0.9999500513076782,0.0005739344633184373,0.0005619844887405634
39,10,1.0,0.9999380111694336,0.9999457597732544,0.9999380111694336,0.9999457597732544,0.99992835521698,0.9999388456344604,0.000851862714625895,0.0007547030691057444
40,10,1.0,0.9997121691703796,0.9997488856315613,0.9997121691703796,0.9997488856315613,0.9996369481086731,0.9996854066848755,0.003354641143232584,0.0029964041896164417
41,10,1.0,0.9794003367424011,0.9995536804199219,0.9794003367424011,0.9995536804199219,0.9616125226020813,0.9993886947631836,0.08213867992162704,0.004831215366721153
42,10,1.0,0.9999396204948425,0.9999414086341858,0.9999396204948425,0.9999414086341858,0.9999296069145203,0.9999327063560486,0.000822376343421638,0.0008040908724069595
43,10,1.0,0.9998432993888855,0.9998735785484314,0.9998432993888855,0.9998735785484314,0.9998218417167664,0.9998589754104614,0.002011573640629649,0.0016741885337978601
44,10,1.0,0.9998736381530762,0.9998745918273926,0.9998736381530762,0.9998745918273926,0.9998489618301392,0.9998527765274048,0.00160050462000072,0.0015941085293889046
45,10,1.0,0.9989597201347351,0.9997118711471558,0.9989597201347351,0.9997118711471558,0.9979763031005859,0.9994614124298096,0.007414884865283966,0.002840271685272455
46,10,1.0,0.9998329281806946,0.9998834729194641,0.9998329281806946,0.9998834729194641,0.999731719493866,0.9998103380203247,0.0017816966865211725,0.001311653759330511
47,10,1.0,0.9999221563339233,0.9999326467514038,0.9999221563339233,0.9999326467514038,0.9999106526374817,0.999923586845398,0.0010467853862792253,0.0009236331097781658
48,10,1.0,0.9997953176498413,0.9998278617858887,0.9997953176498413,0.9998278617858887,0.9997299313545227,0.999769389629364,0.0024269481655210257,0.002087461529299617
49,10,1.0,0.9996045827865601,0.9996117353439331,0.9996045827865601,0.9996117353439331,0.9994789361953735,0.9994779825210571,0.0045432173646986485,0.0044466229155659676
50,10,1.0,0.9998553991317749,0.9998626708984375,0.9998553991317749,0.9998626708984375,0.9998313784599304,0.999840259552002,0.0018753824988380075,0.0017945358995348215
51,10,1.0,0.9996808171272278,0.9997109174728394,0.9996808171272278,0.9997109174728394,0.9996469616889954,0.999680757522583,0.003948861733078957,0.003607571590691805
52,10,1.0,0.9999481439590454,0.9999480843544006,0.9999481439590454,0.9999480843544006,0.9999338388442993,0.9999345541000366,0.0006936917779967189,0.000697196985129267
53,10,1.0,0.9999383687973022,0.9999397397041321,0.9999383687973022,0.9999397397041321,0.999921977519989,0.9999247789382935,0.0008163859019987285,0.0008039801614359021
54,10,1.0,0.9998064041137695,0.9998586177825928,0.9998064041137695,0.9998586177825928,0.9997804760932922,0.9998444318771362,0.00243459758348763,0.0018542456673458219
55,10,1.0,0.9999246597290039,0.9999266862869263,0.9999246597290039,0.9999266862869263,0.9999058842658997,0.9999116659164429,0.0010079486528411508,0.0009877493139356375
56,10,1.0,0.9977176785469055,0.999870240688324,0.9977176785469055,0.999870240688324,0.9957281351089478,0.9998178482055664,0.014089049771428108,0.0015595565782859921
57,10,1.0,0.9996007680892944,0.9995841383934021,0.9996007680892944,0.9995841383934021,0.9995554089546204,0.999538779258728,0.004834383260458708,0.005028111860156059
58,10,1.0,0.9999210238456726,0.999920666217804,0.9999210238456726,0.999920666217804,0.9999051094055176,0.9999041557312012,0.0010677612153813243,0.001074225758202374
59,10,1.0,0.9999231100082397,0.9999414086341858,0.9999231100082397,0.9999414086341858,0.9999119639396667,0.9999338388442993,0.0010233058128505945,0.0008105742745101452
60,10,1.0,0.977796733379364,0.9996049404144287,0.977796733379364,0.9996049404144287,0.9672505259513855,0.9994829297065735,0.09636964648962021,0.004495070781558752
61,10,1.0,0.9997820854187012,0.9998660683631897,0.9997820854187012,0.9998660683631897,0.9997173547744751,0.9998452663421631,0.002591294003650546,0.001720630214549601
62,10,1.0,0.9997714161872864,0.9999423027038574,0.9997714161872864,0.9999423027038574,0.9997037053108215,0.9999256134033203,0.0025290059857070446,0.0007708956836722791
63,10,1.0,0.9998747706413269,0.9998994469642639,0.9998747706413269,0.9998994469642639,0.9998526573181152,0.9998836517333984,0.0016318175476044416,0.0013464544899761677
64,10,1.0,0.9998224973678589,0.9998174905776978,0.9998224973678589,0.9998174905776978,0.9997918009757996,0.9997884035110474,0.0022569955326616764,0.002346227876842022
65,10,1.0,0.9997846484184265,0.999813973903656,0.9997846484184265,0.999813973903656,0.9997178912162781,0.9997625350952148,0.0025703469291329384,0.002296384423971176
66,10,1.0,0.9999529719352722,0.9999620914459229,0.9999529719352722,0.9999620914459229,0.9999446868896484,0.9999556541442871,0.0006466014892794192,0.0005323607474565506
67,10,1.0,0.9999175071716309,0.9999201893806458,0.9999175071716309,0.9999201893806458,0.9999030828475952,0.9999061822891235,0.0011294259456917644,0.0010957529302686453
68,10,1.0,0.9996660351753235,0.9998983144760132,0.9996660351753235,0.9998983144760132,0.9995777010917664,0.9998682737350464,0.0036200876347720623,0.0013125080149620771
69,10,1.0,0.9998742341995239,0.9998757839202881,0.9998742341995239,0.9998757839202881,0.9998548626899719,0.999854564666748,0.0016275516245514154,0.0016069035045802593
70,10,1.0,0.9998437166213989,0.9999150633811951,0.9998437166213989,0.9999150633811951,0.99982088804245,0.9999034404754639,0.001966561423614621,0.0011723977513611317
71,10,1.0,0.9998611211776733,0.999852180480957,0.9998611211776733,0.999852180480957,0.9998435974121094,0.9998350739479065,0.0018188543617725372,0.0019244099967181683
72,10,1.0,0.9999378323554993,0.9999583959579468,0.9999378323554993,0.9999583959579468,0.9999151229858398,0.9999430179595947,0.000802007969468832,0.0005721206543967128
73,10,1.0,0.9998947381973267,0.9999110698699951,0.9998947381973267,0.9999110698699951,0.9998816251754761,0.9998996257781982,0.0014066522708162665,0.0012101687025278807
74,10,1.0,0.999786376953125,0.9997714161872864,0.999786376953125,0.9997714161872864,0.9997346997261047,0.9997243881225586,0.0025603151880204678,0.00277020619250834
75,10,1.0,0.9998766779899597,0.9999251961708069,0.9998766779899597,0.9999251961708069,0.9998478889465332,0.9999181032180786,0.0015127543592825532,0.0010267016477882862
76,10,1.0,0.9999574422836304,0.9999632239341736,0.9999574422836304,0.9999632239341736,0.9999464750289917,0.9999549388885498,0.0005782503867521882,0.0005170929944142699
77,10,1.0,0.999958872795105,0.999959409236908,0.999958872795105,0.999959409236908,0.9999517202377319,0.9999527931213379,0.0005817294004373252,0.0005783839151263237
78,10,1.0,0.9997356534004211,0.9997825026512146,0.9997356534004211,0.9997825026512146,0.9997125864028931,0.9997633099555969,0.003337545320391655,0.002799280686303973
79,10,1.0,0.9998744130134583,0.9999133944511414,0.9998744130134583,0.9999133944511414,0.9998403787612915,0.9998950958251953,0.001605319557711482,0.0011605687905102968
80,10,0.8,0.9519220590591431,0.999598503112793,0.8007141947746277,0.999598503112793,0.9068256616592407,0.9994717240333557,0.13008961081504822,0.004642753396183252
81,10,1.0,0.9992055892944336,0.9992085695266724,0.9992055892944336,0.9992085695266724,0.9985660314559937,0.998577356338501,0.007223151624202728,0.0073066153563559055
82,10,1.0,0.9996933937072754,0.9997556805610657,0.9996933937072754,0.9997556805610657,0.9995026588439941,0.9996007680892944,0.0032396730966866016,0.0026574437506496906
83,10,1.0,0.9998552203178406,0.9999051690101624,0.9998552203178406,0.9999051690101624,0.999838650226593,0.9998940229415894,0.001880346448160708,0.0012883045710623264
84,10,0.7,0.55425626039505,0.5557703971862793,0.5206255912780762,0.5535849332809448,0.11023755371570587,0.11175687611103058,0.6992136240005493,0.6894784569740295
85,10,1.0,0.9999176859855652,0.9999350309371948,0.9999176859855652,0.9999350309371948,0.9998979568481445,0.9999226927757263,0.0010789931984618306,0.0008865934796631336
86,10,1.0,0.9997895956039429,0.9998013377189636,0.9997895956039429,0.9998013377189636,0.9997094869613647,0.9997256994247437,0.002562817884609103,0.0024413142818957567
87,10,1.0,0.9999405145645142,0.9999455213546753,0.9999405145645142,0.9999455213546753,0.999919593334198,0.9999239444732666,0.000791356258559972,0.0007279844721779227
88,10,1.0,0.9999176859855652,0.9999256134033203,0.9999176859855652,0.9999256134033203,0.9999057650566101,0.9999149441719055,0.0011177441338077188,0.0010192960035055876
89,10,1.0,0.9998712539672852,0.9999463558197021,0.9998712539672852,0.9999463558197021,0.9998138546943665,0.999927282333374,0.0014076196821406484,0.0007031362620182335
90,10,1.0,0.9998629689216614,0.9999006390571594,0.9998629689216614,0.9999006390571594,0.9997916221618652,0.9998413920402527,0.0016302525764331222,0.0012031749356538057
91,10,1.0,0.9999573826789856,0.9999631643295288,0.9999573826789856,0.9999631643295288,0.9999451637268066,0.9999518394470215,0.0005875002825632691,0.000510753714479506
92,10,1.0,0.9997822642326355,0.999756932258606,0.9997822642326355,0.999756932258606,0.9997074007987976,0.9996773600578308,0.0025933836586773396,0.0028959582559764385
93,10,1.0,0.999881386756897,0.9998992681503296,0.999881386756897,0.9998992681503296,0.9998558163642883,0.9998821020126343,0.0015493918908759952,0.0013453089632093906
94,10,0.3,0.528847336769104,0.523908257484436,0.4829409718513489,0.4779473543167114,0.057958751916885376,0.047994986176490784,0.6939538717269897,0.694451093673706
95,10,1.0,0.9996967315673828,0.999953031539917,0.9996967315673828,0.999953031539917,0.9996255040168762,0.999942421913147,0.0031227918807417154,0.000640435260720551
96,10,1.0,0.9981501698493958,0.9997925758361816,0.9981501698493958,0.9997925758361816,0.9973090887069702,0.9997658729553223,0.01456510741263628,0.0025841896422207355
97,10,1.0,0.9999532699584961,0.9999756813049316,0.9999532699584961,0.9999756813049316,0.999941349029541,0.9999703764915466,0.0006217873888090253,0.00035128509625792503
98,10,1.0,0.9974671602249146,0.9997150897979736,0.9974671602249146,0.9997150897979736,0.9952508807182312,0.9995710849761963,0.015178454108536243,0.003063059179112315
99,10,1.0,0.9999210238456726,0.9999337792396545,0.9999210238456726,0.9999337792396545,0.9998941421508789,0.9999163746833801,0.000995746231637895,0.0008661875035613775
