true_class,rank,soft_neighbor_class,mean_probability
0,1,46,0.004577709827572107
0,2,89,0.00011494497448438779
0,3,3,3.1736963137518615e-05
0,4,30,1.0484474842087366e-05
0,5,45,1.0432873750687577e-05
1,1,12,4.006213930551894e-05
1,2,28,2.9651089789695106e-05
1,3,32,1.8617867681314237e-05
1,4,90,1.1260123756073881e-05
1,5,74,8.149388122546952e-06
2,1,54,3.991837002104148e-05
2,2,40,1.6777277778601274e-05
2,3,10,1.0674983059288934e-05
2,4,11,9.924789992510341e-06
2,5,59,8.283622264571022e-06
3,1,0,2.2428535885410383e-05
3,2,45,1.2993992640986107e-05
3,3,33,1.2382917702780105e-05
3,4,96,9.59988210524898e-06
3,5,85,8.454886483377777e-06
4,1,68,1.2717331628664397e-05
4,2,86,7.176416147558484e-06
4,3,50,6.338882485579234e-06
4,4,22,5.780131232313579e-06
4,5,7,5.0926078074553516e-06
5,1,26,3.1358413252746686e-05
5,2,61,1.5642137441318482e-05
5,3,20,1.3123423741490114e-05
5,4,14,9.434618732484523e-06
5,5,58,5.633331056742463e-06
6,1,14,1.772100404195953e-05
6,2,85,1.720166255836375e-05
6,3,88,1.583864832355175e-05
6,4,17,1.3352424502954818e-05
6,5,51,1.3285632121551316e-05
7,1,95,2.2049995095585473e-05
7,2,75,1.5184557014435995e-05
7,3,4,1.2056199011567514e-05
7,4,34,7.4608046816138085e-06
7,5,65,3.842776095552836e-06
8,1,97,3.373083018232137e-05
8,2,24,2.437301736790687e-05
8,3,74,1.651327511353884e-05
8,4,44,9.142675480688922e-06
8,5,60,7.514165190514177e-06
9,1,80,8.15085440990515e-05
9,2,44,4.7618501412216574e-05
9,3,49,3.706041752593592e-05
9,4,52,2.3365029846900143e-05
9,5,78,1.6274860172416084e-05
10,1,2,2.76960290648276e-05
10,2,83,1.00504512374755e-05
10,3,64,8.702972991159186e-06
10,4,21,8.591779987909831e-06
10,5,51,7.788168659317307e-06
11,1,2,1.3458108696795534e-05
11,2,80,1.2030991456413176e-05
11,3,3,1.0289451893186197e-05
11,4,44,7.2978846219484694e-06
11,5,25,6.979887075431179e-06
12,1,46,5.615738336928189e-05
12,2,60,1.2190827874292154e-05
12,3,1,6.284921255428344e-06
12,4,45,4.595585778588429e-06
12,5,28,4.340029590821359e-06
13,1,50,1.5918005374260247e-05
13,2,88,1.277912815567106e-05
13,3,25,1.081583832274191e-05
13,4,54,1.0038916116172913e-05
13,5,4,6.302766450971831e-06
14,1,80,9.307294021709822e-06
14,2,1,6.648580892942846e-06
14,3,38,5.945837528997799e-06
14,4,74,3.879464202327654e-06
14,5,73,3.6053056646778714e-06
15,1,91,0.030447592958807945
15,2,34,0.0029748384840786457
15,3,84,0.002552998950704932
15,4,94,0.0025411280803382397
15,5,98,0.0015942251775413752
16,1,39,2.8429387384676374e-05
16,2,50,2.5364774046465755e-05
16,3,65,2.293983197887428e-05
16,4,48,1.2834263543481939e-05
16,5,97,1.1810440810222644e-05
17,1,26,2.443109406158328e-05
17,2,21,2.2325190002447926e-05
17,3,88,1.891065221570898e-05
17,4,43,1.3302580555318855e-05
17,5,50,1.0555913831922226e-05
18,1,28,9.78399402811192e-05
18,2,41,8.242407056968659e-05
18,3,27,1.965945375559386e-05
18,4,40,1.6110760043375194e-05
18,5,56,1.3986954400024842e-05
19,1,95,3.1759114790474996e-05
19,2,18,4.48784794571111e-06
19,3,66,4.380212885735091e-06
19,4,38,3.074187361562508e-06
19,5,76,2.975709094243939e-06
20,1,68,6.131213012849912e-05
20,2,96,4.038883707835339e-05
20,3,5,3.997177554992959e-05
20,4,70,1.5796127627254464e-05
20,5,42,1.2039379726047628e-05
21,1,17,4.5386717829387635e-05
21,2,47,2.2017989977030084e-05
21,3,10,1.1353277841408271e-05
21,4,50,1.0485715392860584e-05
21,5,86,7.786973583279178e-06
22,1,23,0.5048802495002747
22,2,99,7.118521170923486e-05
22,3,86,3.648846904980019e-05
22,4,4,2.922987550846301e-05
22,5,34,2.7137779397889972e-05
23,1,22,0.5017632246017456
23,2,99,6.924867921043187e-05
23,3,86,3.3192809496540576e-05
23,4,34,2.6929221348837018e-05
23,5,40,2.1799947717227042e-05
24,1,74,1.6067493561422452e-05
24,2,8,1.477553178119706e-05
24,3,77,1.0081357686431147e-05
24,4,97,9.288215551350731e-06
24,5,37,4.6331620069395285e-06
25,1,78,1.4321206435852218e-05
25,2,58,1.4034005289431661e-05
25,3,11,1.0321399713575374e-05
25,4,49,1.002833141683368e-05
25,5,13,9.672608030086849e-06
26,1,5,2.3735554350423627e-05
26,2,42,2.312813012395054e-05
26,3,17,1.8895123503170907e-05
26,4,79,1.2447211702237837e-05
26,5,59,1.1792234545282554e-05
27,1,28,0.06533120572566986
27,2,18,0.01995440199971199
27,3,12,0.0007353487308137119
27,4,84,0.0003469779039733112
27,5,56,0.0002328522241441533
28,1,99,0.02466711960732937
28,2,18,0.020441219210624695
28,3,27,0.006950834300369024
28,4,22,0.006801019422709942
28,5,75,0.003380242735147476
29,1,60,0.058756954967975616
29,2,80,0.003612972330302
29,3,51,0.0025286145973950624
29,4,24,0.0002896806108765304
29,5,96,0.00017711946566123515
30,1,32,0.00043835066026076674
30,2,52,0.00011342993093421683
30,3,97,2.8630438464460894e-05
30,4,0,2.6183410227531567e-05
30,5,1,1.6323827367159538e-05
31,1,97,8.862711183610372e-06
31,2,39,8.243730007961858e-06
31,3,36,3.87043883165461e-06
31,4,11,3.7897302718192805e-06
31,5,62,3.6497403925750405e-06
32,1,46,0.0002880073734559119
32,2,30,8.309991972055286e-05
32,3,1,3.2328876841347665e-05
32,4,74,1.2925590453960467e-05
32,5,12,1.1430243830545805e-05
33,1,85,2.678738019312732e-05
33,2,3,2.3554379367851652e-05
33,3,96,1.9635735952761024e-05
33,4,51,8.423556209891103e-06
33,5,54,7.428719072777312e-06
34,1,98,0.0005133288213983178
34,2,65,0.00014546571765094995
34,3,94,5.038745439378545e-05
34,4,87,3.983711576438509e-05
34,5,84,3.179377381457016e-05
35,1,64,1.640340269659646e-05
35,2,43,1.1716151675500441e-05
35,3,21,9.15381133381743e-06
35,4,82,8.816595254756976e-06
35,5,71,4.530290425464045e-06
36,1,66,3.060804374399595e-05
36,2,76,2.6894244001596235e-05
36,3,91,2.3184344172477722e-05
36,4,62,7.655189619981684e-06
36,5,82,2.248516921099508e-06
37,1,18,1.3907301763538271e-05
37,2,1,4.948949936078861e-06
37,3,34,4.825588803214487e-06
37,4,47,3.5683569876709953e-06
37,5,98,3.1016454613563837e-06
38,1,66,9.826950190472417e-06
38,2,74,6.072374162613414e-06
38,3,19,4.258077751728706e-06
38,4,1,3.826143256446812e-06
38,5,24,2.636736553540686e-06
39,1,1,9.428013981960248e-06
39,2,75,6.793064585508546e-06
39,3,69,5.514512849913444e-06
39,4,36,5.329838586476399e-06
39,5,31,3.458793344179867e-06
40,1,18,7.11087923264131e-05
40,2,91,4.9467820645077154e-05
40,3,36,4.457312752492726e-05
40,4,22,2.000060339923948e-05
40,5,39,1.260988756257575e-05
41,1,18,0.010061591863632202
41,2,27,0.008957406505942345
41,3,28,0.00033856331720016897
41,4,94,0.0002634610573295504
41,5,84,0.00023825897369533777
42,1,65,1.0062534784083255e-05
42,2,63,6.491179192380514e-06
42,3,26,6.436701369239017e-06
42,4,15,6.256769211177016e-06
42,5,79,5.898308700125199e-06
43,1,17,1.712969060463365e-05
43,2,79,1.6785834304755554e-05
43,3,65,1.5514557162532583e-05
43,4,35,1.3292553376231808e-05
43,5,6,1.0904183909588028e-05
44,1,9,2.103851511492394e-05
44,2,77,2.077178578474559e-05
44,3,52,1.6247769963229075e-05
44,4,60,1.4440983250096906e-05
44,5,8,9.792389391805045e-06
45,1,12,0.0009833319345489144
45,2,3,1.0345812370360363e-05
45,3,60,7.057945367705543e-06
45,4,36,6.903384928591549e-06
45,5,28,4.284472197468858e-06
46,1,12,0.00010115564509760588
46,2,0,2.506393320800271e-05
46,3,32,2.407148713245988e-05
46,4,82,7.920101779745892e-06
46,5,89,3.0466667340078857e-06
47,1,23,9.489404874329921e-06
47,2,21,8.824073120194953e-06
47,3,22,7.9084102253546e-06
47,4,91,6.6829916249844246e-06
47,5,17,5.3915609896648675e-06
48,1,55,5.5761978728696704e-05
48,2,50,2.728526851569768e-05
48,3,49,1.598228482180275e-05
48,4,94,1.518879162176745e-05
48,5,68,1.3697778740606736e-05
49,1,9,0.0001257228577742353
49,2,80,5.7351822761120275e-05
49,3,48,3.850908251479268e-05
49,4,22,2.0270375898689963e-05
49,5,78,1.7390630091540515e-05
50,1,48,2.357165067223832e-05
50,2,17,1.3918461263529025e-05
50,3,16,1.1730402547982521e-05
50,4,63,1.0426463632029481e-05
50,5,21,9.823719665291719e-06
51,1,10,3.07633017655462e-05
51,2,59,3.005827238666825e-05
51,3,80,2.5602679670555517e-05
51,4,32,2.3980172045412473e-05
51,5,6,1.9660657926579006e-05
52,1,9,1.43438201121171e-05
52,2,30,7.2494963205826934e-06
52,3,54,5.978718945698347e-06
52,4,44,5.491668616741663e-06
52,5,32,4.719199296232546e-06
53,1,15,1.4980597370595206e-05
53,2,91,8.40694883663673e-06
53,3,56,8.141729267663322e-06
53,4,66,5.209119535720674e-06
53,5,98,4.981976417184342e-06
54,1,58,2.159326322725974e-05
54,2,16,1.9978080672444776e-05
54,3,2,1.68892765941564e-05
54,4,90,1.2181202691863291e-05
54,5,50,1.0565807315288112e-05
55,1,48,1.8783481209538877e-05
55,2,72,9.111108738579787e-06
55,3,46,6.921099156897981e-06
55,4,95,4.8187566790147685e-06
55,5,56,3.7826534935447853e-06
56,1,98,0.0019858123268932104
56,2,53,6.389785266947001e-05
56,3,18,4.192698179394938e-05
56,4,15,2.6017467462224886e-05
56,5,28,1.658686414884869e-05
57,1,64,4.2652922275010496e-05
57,2,85,3.9421032852260396e-05
57,3,48,3.7346813769545406e-05
57,4,17,3.1745166779728606e-05
57,5,80,2.5359078790643252e-05
58,1,54,1.5881263607298024e-05
58,2,52,7.994947736733593e-06
58,3,25,7.1609706537856255e-06
58,4,15,4.726651241071522e-06
58,5,61,4.691024969361024e-06
59,1,51,1.0364875379309524e-05
59,2,61,1.0149310583074111e-05
59,3,2,8.438028089585714e-06
59,4,26,6.4906444094958715e-06
59,5,92,4.852610800298862e-06
60,1,12,0.010546019300818443
60,2,29,0.009975639171898365
60,3,80,0.0004609511233866215
60,4,51,0.00029529177118092775
60,5,32,0.00012066667841281742
61,1,5,6.180312630021945e-05
61,2,58,2.4077635316643864e-05
61,3,80,1.394000901200343e-05
61,4,59,1.380594494548859e-05
61,5,69,1.3535014659282751e-05
62,1,97,6.316130748018622e-05
62,2,67,2.7266296456218697e-05
62,3,30,1.58699658641126e-05
62,4,15,1.5799161701579578e-05
62,5,87,1.1136246939713601e-05
63,1,64,2.1641373677994125e-05
63,2,25,1.343999792879913e-05
63,3,42,1.1825552974187303e-05
63,4,50,1.0047539035440423e-05
63,5,48,8.70660187501926e-06
64,1,35,2.3907128706923686e-05
64,2,48,2.1054471289971843e-05
64,3,57,1.7863636458059773e-05
64,4,79,1.1943580830120482e-05
64,5,93,8.563134542782791e-06
65,1,42,5.389365105656907e-05
65,2,34,4.0052589611150324e-05
65,3,7,1.2329190212767571e-05
65,4,43,1.1431142411311157e-05
65,5,16,1.0072905752167571e-05
66,1,36,7.901072422100697e-06
66,2,86,5.0099861255148426e-06
66,3,19,4.946528406435391e-06
66,4,76,4.443553279998014e-06
66,5,38,4.339451152191032e-06
67,1,62,1.4439603546634316e-05
67,2,76,7.631683729414362e-06
67,3,72,6.713791663059965e-06
67,4,97,4.801610430149594e-06
67,5,95,4.778592483489774e-06
68,1,48,8.81854648469016e-05
68,2,77,5.311472341418266e-05
68,3,49,2.8891834517708048e-05
68,4,58,2.5826439014053904e-05
68,5,20,1.0307068805559538e-05
69,1,75,1.9311013602418825e-05
69,2,61,1.2697960301011335e-05
69,3,20,1.1896499927388504e-05
69,4,99,1.0804537851072382e-05
69,5,1,9.807758942770306e-06
70,1,93,1.7706390281091444e-05
70,2,74,1.5105123566172551e-05
70,3,92,1.5017816622275859e-05
70,4,72,1.3521082109946292e-05
70,5,20,6.667380603175843e-06
71,1,13,1.6035437511163764e-05
71,2,83,1.336764580628369e-05
71,3,31,1.323640208283905e-05
71,4,10,1.2211346984258853e-05
71,5,47,8.431406058662105e-06
72,1,32,1.965963383554481e-05
72,2,67,1.303299632127164e-05
72,3,95,3.3396870549040614e-06
72,4,82,2.8828007998527028e-06
72,5,25,2.2523522602568846e-06
73,1,14,1.1362508303136565e-05
73,2,62,1.0224669495073613e-05
73,3,11,9.112543921219185e-06
73,4,65,8.935881851357408e-06
73,5,31,6.9062725742696784e-06
74,1,32,3.691476013045758e-05
74,2,1,2.8302401915425435e-05
74,3,24,2.820634654199239e-05
74,4,8,2.250571378681343e-05
74,5,82,1.7669091903371736e-05
75,1,66,2.5401992388651706e-05
75,2,36,2.1487041522050276e-05
75,3,39,1.3484344890457578e-05
75,4,91,7.401989023492206e-06
75,5,76,7.166751402110094e-06
76,1,84,1.107973002945073e-05
76,2,94,8.493208952131681e-06
76,3,87,2.4468113224429544e-06
76,4,97,2.419162456135382e-06
76,5,62,2.056943230854813e-06
77,1,24,6.414135896193329e-06
77,2,44,5.094177595310612e-06
77,3,68,4.770235136675183e-06
77,4,3,2.8274648684600834e-06
77,5,54,2.429433607176179e-06
78,1,80,2.1907504560658708e-05
78,2,96,1.85289991350146e-05
78,3,9,1.758378311933484e-05
78,4,25,1.6604590200586244e-05
78,5,2,1.5041821825434454e-05
79,1,43,3.394336818018928e-05
79,2,64,1.1890371752087958e-05
79,3,85,1.1856619494210463e-05
79,4,42,7.501345862692688e-06
79,5,17,7.004974122537533e-06
80,1,29,0.15228824317455292
80,2,60,0.0449826642870903
80,3,51,0.0007539332145825028
80,4,14,0.0001476972975069657
80,5,12,0.00013367511564865708
81,1,82,0.0006394666852429509
81,2,62,4.134595292271115e-05
81,3,87,2.3133168724598363e-05
81,4,83,1.042735038936371e-05
81,5,36,9.27093242353294e-06
82,1,46,0.0001594135828781873
82,2,81,6.574248982360587e-05
82,3,74,2.3420227080350742e-05
82,4,32,1.4558087059413083e-05
82,5,95,6.937704711162951e-06
83,1,81,1.199263715534471e-05
83,2,10,1.1335467206663452e-05
83,3,72,1.1164684110553935e-05
83,4,88,1.0876903616008349e-05
83,5,20,1.0603135706332978e-05
84,1,94,0.4776492714881897
84,2,76,0.00043674843618646264
84,3,34,0.00030465953750535846
84,4,48,0.00026426688418723643
84,5,15,8.41809087432921e-05
85,1,79,1.6408124793088064e-05
85,2,6,1.3108127859595697e-05
85,3,57,6.958949143154314e-06
85,4,88,6.413812116079498e-06
85,5,96,5.653369044011924e-06
86,1,66,8.010603778529912e-05
86,2,87,1.365657226415351e-05
86,3,81,1.2138913916714955e-05
86,4,4,1.0697613106458448e-05
86,5,21,9.604004844732117e-06
87,1,99,2.097726974170655e-05
87,2,62,5.259286808723118e-06
87,3,75,4.459075626073172e-06
87,4,76,3.846164418064291e-06
87,5,34,3.629471393651329e-06
88,1,6,1.1472730875539128e-05
88,2,17,1.0841531548066996e-05
88,3,69,7.545229891547933e-06
88,4,57,4.6961977204773575e-06
88,5,85,3.4761203551170183e-06
89,1,0,5.221592800808139e-05
89,2,46,4.506460754782893e-05
89,3,12,7.565794476249721e-06
89,4,63,5.588738531514537e-06
89,5,97,2.0138163563387934e-06
90,1,1,7.135271152947098e-05
90,2,80,6.845842108305078e-06
90,3,9,5.639335995510919e-06
90,4,74,5.25603036294342e-06
90,5,54,5.226143912295811e-06
91,1,36,1.2233928828209173e-05
91,2,53,3.5408168059802847e-06
91,3,76,3.2124444260261953e-06
91,4,40,2.5692486360640032e-06
91,5,34,2.4861976726242574e-06
92,1,90,7.484556408599019e-05
92,2,59,2.1548677977989428e-05
92,3,40,1.8799019017023966e-05
92,4,51,1.5763045666972175e-05
92,5,21,1.4605351680074818e-05
93,1,92,2.228733865194954e-05
93,2,70,1.5164472642936744e-05
93,3,64,9.86626218946185e-06
93,4,29,6.987292636040365e-06
93,5,47,5.568345841311384e-06
94,1,84,0.5167949795722961
94,2,76,4.268222619430162e-05
94,3,34,3.83000988222193e-05
94,4,28,1.8602519048727117e-05
94,5,97,1.5625299056409858e-05
95,1,19,7.050271960906684e-05
95,2,82,5.058823080617003e-05
95,3,46,4.1352213884238154e-05
95,4,55,2.4512581148883328e-05
95,5,15,1.3613386727229226e-05
96,1,34,0.0008332267170771956
96,2,33,0.0001144284033216536
96,3,20,0.00011159256246173754
96,4,26,9.209239215124398e-05
96,5,85,8.869585144566372e-05
97,1,30,7.825590728316456e-06
97,2,89,7.723884664301295e-06
97,3,52,7.096125045791268e-06
97,4,8,6.4868872868828475e-06
97,5,9,2.361868610023521e-06
98,1,15,0.0021673173177987337
98,2,56,0.00021820413530804217
98,3,34,4.5099772250978276e-05
98,4,41,2.4457976905978285e-05
98,5,53,1.5232379155349918e-05
99,1,28,2.3816035536583513e-05
99,2,87,1.4178891433402896e-05
99,3,91,1.2494931070250459e-05
99,4,84,6.174859208840644e-06
99,5,94,5.52086657990003e-06
